Proto-West-Caucasian: *a	rel:etymological_origin_of	Abkhaz: a-
Abkhaz: a-	rel:etymology	Proto-West-Caucasian: *a
Proto-West-Caucasian: *a	rel:etymological_origin_of	Abaza: a-
Abaza: a-	rel:etymology	Proto-West-Caucasian: *a
Proto-West-Caucasian: *a	rel:etymological_origin_of	Adyghe: ā
Adyghe: ā	rel:etymology	Proto-West-Caucasian: *a
Proto-West-Caucasian: *a	rel:etymological_origin_of	Kabardian: ā
Kabardian: ā	rel:etymology	Proto-West-Caucasian: *a
Proto-West-Caucasian: *a	rel:etymological_origin_of	Ubykh: a-
Ubykh: a-	rel:etymology	Proto-West-Caucasian: *a
Proto-West-Caucasian: *-a	rel:etymological_origin_of	Abkhaz: -a(-)
Abkhaz: -a(-)	rel:etymology	Proto-West-Caucasian: *-a
Proto-West-Caucasian: *-a	rel:etymological_origin_of	Abaza: -a(-)
Abaza: -a(-)	rel:etymology	Proto-West-Caucasian: *-a
Proto-West-Caucasian: *-a-	rel:etymological_origin_of	Abkhaz: a- /na- 
Abkhaz: a- /na- 	rel:etymology	Proto-West-Caucasian: *-a-
Proto-West-Caucasian: *-a-	rel:etymological_origin_of	Abaza: a-/na- 
Abaza: a-/na- 	rel:etymology	Proto-West-Caucasian: *-a-
Proto-West-Caucasian: *-a-	rel:etymological_origin_of	Adyghe: -/ǝ-  (plur. a?)
Adyghe: -/ǝ-  (plur. a?)	rel:etymology	Proto-West-Caucasian: *-a-
Proto-West-Caucasian: *-a-	rel:etymological_origin_of	Kabardian: -  (plur. a)
Kabardian: -  (plur. a)	rel:etymology	Proto-West-Caucasian: *-a-
Proto-West-Caucasian: *-a-	rel:etymological_origin_of	Ubykh: -
Ubykh: -	rel:etymology	Proto-West-Caucasian: *-a-
Proto-West-Caucasian: *(a)ća	rel:etymological_origin_of	Abkhaz: áca
Abkhaz: áca	rel:etymology	Proto-West-Caucasian: *(a)ća
Proto-West-Caucasian: *(a)ća	rel:etymological_origin_of	Abaza: ajca-la
Abaza: ajca-la	rel:etymology	Proto-West-Caucasian: *(a)ća
Proto-West-Caucasian: *ač́a	rel:etymological_origin_of	Abkhaz: áč́a
Abkhaz: áč́a	rel:etymology	Proto-West-Caucasian: *ač́a
Proto-West-Caucasian: *ač́a	rel:etymological_origin_of	Abaza: ač́a
Abaza: ač́a	rel:etymology	Proto-West-Caucasian: *ač́a
Proto-West-Caucasian: *ač́:ʷa	rel:etymological_origin_of	Adyghe: āča
Adyghe: āča	rel:etymology	Proto-West-Caucasian: *ač́:ʷa
Proto-West-Caucasian: *ač́:ʷa	rel:etymological_origin_of	Kabardian: āža
Kabardian: āža	rel:etymology	Proto-West-Caucasian: *ač́:ʷa
Proto-West-Caucasian: *(a)č:ʷV	rel:etymological_origin_of	Abkhaz: áž̌a 
Abkhaz: áž̌a 	rel:etymology	Proto-West-Caucasian: *(a)č:ʷV
Proto-West-Caucasian: *(a)č:ʷV	rel:etymological_origin_of	Abaza: ažʷa 
Abaza: ažʷa 	rel:etymology	Proto-West-Caucasian: *(a)č:ʷV
Proto-West-Caucasian: *(a)č:ʷV	rel:etymological_origin_of	Kabardian: žǝ-ʡa- 
Kabardian: žǝ-ʡa- 	rel:etymology	Proto-West-Caucasian: *(a)č:ʷV
Proto-West-Caucasian: *(a)č:ʷV	rel:etymological_origin_of	Ubykh: čǝ-q̇á- 
Ubykh: čǝ-q̇á- 	rel:etymology	Proto-West-Caucasian: *(a)č:ʷV
Proto-West-Caucasian: *aGa	rel:etymological_origin_of	Abkhaz: a-ʁá
Abkhaz: a-ʁá	rel:etymology	Proto-West-Caucasian: *aGa
Proto-West-Caucasian: *aGa	rel:etymological_origin_of	Abaza: aʁa
Abaza: aʁa	rel:etymology	Proto-West-Caucasian: *aGa
Proto-West-Caucasian: *(a)gʷǝ	rel:etymological_origin_of	Ubykh: agʷǝ́
Ubykh: agʷǝ́	rel:etymology	Proto-West-Caucasian: *(a)gʷǝ
Proto-West-Caucasian: [*-ajǝ-]	rel:etymological_origin_of	Abkhaz: -aj-
Abkhaz: -aj-	rel:etymology	Proto-West-Caucasian: [*-ajǝ-]
Proto-West-Caucasian: [*-ajǝ-]	rel:etymological_origin_of	Abaza: -a-
Abaza: -a-	rel:etymology	Proto-West-Caucasian: [*-ajǝ-]
Proto-West-Caucasian: *ajǝš:ʷǝ-	rel:etymological_origin_of	Abaza: ajšǝs
Abaza: ajšǝs	rel:etymology	Proto-West-Caucasian: *ajǝš:ʷǝ-
Proto-West-Caucasian: *(a)mAṭA	rel:etymological_origin_of	Abkhaz: á-mat
Abkhaz: á-mat	rel:etymology	Proto-West-Caucasian: *(a)mAṭA
Proto-West-Caucasian: *(a)mAṭA	rel:etymological_origin_of	Abaza: matǝ (Ashkh.)
Abaza: matǝ (Ashkh.)	rel:etymology	Proto-West-Caucasian: *(a)mAṭA
Proto-West-Caucasian: *(a)mAṭA	rel:etymological_origin_of	Ubykh: anṭá
Ubykh: anṭá	rel:etymology	Proto-West-Caucasian: *(a)mAṭA
Proto-West-Caucasian: *(a)nǝ	rel:etymological_origin_of	Abkhaz: á-n
Abkhaz: á-n	rel:etymology	Proto-West-Caucasian: *(a)nǝ
Proto-West-Caucasian: *(a)nǝ	rel:etymological_origin_of	Abaza: anǝ
Abaza: anǝ	rel:etymology	Proto-West-Caucasian: *(a)nǝ
Proto-West-Caucasian: *(a)nǝ	rel:etymological_origin_of	Adyghe: nǝ
Adyghe: nǝ	rel:etymology	Proto-West-Caucasian: *(a)nǝ
Proto-West-Caucasian: *(a)nǝ	rel:etymological_origin_of	Kabardian: āna
Kabardian: āna	rel:etymology	Proto-West-Caucasian: *(a)nǝ
Proto-West-Caucasian: *(a)nǝ	rel:etymological_origin_of	Ubykh: na
Ubykh: na	rel:etymology	Proto-West-Caucasian: *(a)nǝ
Proto-West-Caucasian: [*-anǝ-]	rel:etymological_origin_of	Abkhaz: -an-
Abkhaz: -an-	rel:etymology	Proto-West-Caucasian: [*-anǝ-]
Proto-West-Caucasian: [*-anǝ-]	rel:etymological_origin_of	Abaza: -an-
Abaza: -an-	rel:etymology	Proto-West-Caucasian: [*-anǝ-]
Proto-West-Caucasian: *-anǝTa	rel:etymological_origin_of	Abkhaz: á-χ́anta
Abkhaz: á-χ́anta	rel:etymology	Proto-West-Caucasian: *-anǝTa
Proto-West-Caucasian: *-anǝTa	rel:etymological_origin_of	Abaza: χ́anta
Abaza: χ́anta	rel:etymology	Proto-West-Caucasian: *-anǝTa
Proto-West-Caucasian: *-anǝTa	rel:etymological_origin_of	Adyghe: wantaʁʷ
Adyghe: wantaʁʷ	rel:etymology	Proto-West-Caucasian: *-anǝTa
Proto-West-Caucasian: *-anǝTa	rel:etymological_origin_of	Kabardian: wandaʁʷ
Kabardian: wandaʁʷ	rel:etymology	Proto-West-Caucasian: *-anǝTa
Proto-West-Caucasian: *-anǝTa	rel:etymological_origin_of	Ubykh: ǵǝ́nṭq̇ʷa
Ubykh: ǵǝ́nṭq̇ʷa	rel:etymology	Proto-West-Caucasian: *-anǝTa
Proto-West-Caucasian: *(a)ṕ:ǝ	rel:etymological_origin_of	Abkhaz: ab
Abkhaz: ab	rel:etymology	Proto-West-Caucasian: *(a)ṕ:ǝ
Proto-West-Caucasian: *(a)ṕ:ǝ	rel:etymological_origin_of	Abaza: aba
Abaza: aba	rel:etymology	Proto-West-Caucasian: *(a)ṕ:ǝ
Proto-West-Caucasian: *(a)ṕ:ǝ	rel:etymological_origin_of	Adyghe: tǝ
Adyghe: tǝ	rel:etymology	Proto-West-Caucasian: *(a)ṕ:ǝ
Proto-West-Caucasian: *(a)ṕ:ǝ	rel:etymological_origin_of	Kabardian: āda
Kabardian: āda	rel:etymology	Proto-West-Caucasian: *(a)ṕ:ǝ
Proto-West-Caucasian: *(a)ṕ:ǝ	rel:etymological_origin_of	Ubykh: tʷǝ
Ubykh: tʷǝ	rel:etymology	Proto-West-Caucasian: *(a)ṕ:ǝ
Proto-West-Caucasian: *(a)šʷa	rel:etymological_origin_of	Abkhaz: áš̌a
Abkhaz: áš̌a	rel:etymology	Proto-West-Caucasian: *(a)šʷa
Proto-West-Caucasian: *(a)šʷa	rel:etymological_origin_of	Abaza: ašʷa
Abaza: ašʷa	rel:etymology	Proto-West-Caucasian: *(a)šʷa
Proto-West-Caucasian: *(a)š́ʷǝ	rel:etymological_origin_of	Abkhaz: áš̌
Abkhaz: áš̌	rel:etymology	Proto-West-Caucasian: *(a)š́ʷǝ
Proto-West-Caucasian: *(a)š́ʷǝ	rel:etymological_origin_of	Abaza: ašʷǝ
Abaza: ašʷǝ	rel:etymology	Proto-West-Caucasian: *(a)š́ʷǝ
Proto-West-Caucasian: [*-ba]	rel:etymological_origin_of	Abkhaz: -ba
Abkhaz: -ba	rel:etymology	Proto-West-Caucasian: [*-ba]
Proto-West-Caucasian: [*-ba]	rel:etymological_origin_of	Abaza: -ba
Abaza: -ba	rel:etymology	Proto-West-Caucasian: [*-ba]
Proto-West-Caucasian: *ba	rel:etymological_origin_of	Abaza: ba 
Abaza: ba 	rel:etymology	Proto-West-Caucasian: *ba
Proto-West-Caucasian: *ba	rel:etymological_origin_of	Adyghe: ja-ba-wǝ-n 
Adyghe: ja-ba-wǝ-n 	rel:etymology	Proto-West-Caucasian: *ba
Proto-West-Caucasian: *ba	rel:etymological_origin_of	Kabardian: bā 
Kabardian: bā 	rel:etymology	Proto-West-Caucasian: *ba
Proto-West-Caucasian: *bA	rel:etymological_origin_of	Abkhaz: a-ba-rá
Abkhaz: a-ba-rá	rel:etymology	Proto-West-Caucasian: *bA
Proto-West-Caucasian: *bA	rel:etymological_origin_of	Abaza: ba-ra
Abaza: ba-ra	rel:etymology	Proto-West-Caucasian: *bA
Proto-West-Caucasian: *bA	rel:etymological_origin_of	Ubykh: bǝjá-
Ubykh: bǝjá-	rel:etymology	Proto-West-Caucasian: *bA
Proto-West-Caucasian: *baba	rel:etymological_origin_of	Abkhaz: bába
Abkhaz: bába	rel:etymology	Proto-West-Caucasian: *baba
Proto-West-Caucasian: *bagǝ-na	rel:etymological_origin_of	Adyghe: baǵǝna (Shaps.)
Adyghe: baǵǝna (Shaps.)	rel:etymology	Proto-West-Caucasian: *bagǝ-na
Proto-West-Caucasian: *bagǝ-na	rel:etymological_origin_of	Ubykh: baǵǝ́na
Ubykh: baǵǝ́na	rel:etymology	Proto-West-Caucasian: *bagǝ-na
Proto-West-Caucasian: *bagʷǝ	rel:etymological_origin_of	Adyghe: bagʷǝ
Adyghe: bagʷǝ	rel:etymology	Proto-West-Caucasian: *bagʷǝ
Proto-West-Caucasian: *bagʷǝ	rel:etymological_origin_of	Kabardian: bagʷ
Kabardian: bagʷ	rel:etymology	Proto-West-Caucasian: *bagʷǝ
Proto-West-Caucasian: *bagʷǝ	rel:etymological_origin_of	Ubykh: bagʷǝ́
Ubykh: bagʷǝ́	rel:etymology	Proto-West-Caucasian: *bagʷǝ
Proto-West-Caucasian: *ba[q:I]V	rel:etymological_origin_of	Abkhaz: a-bā́ 
Abkhaz: a-bā́ 	rel:etymology	Proto-West-Caucasian: *ba[q:I]V
Proto-West-Caucasian: *ba[q:I]V	rel:etymological_origin_of	Kabardian: baq 
Kabardian: baq 	rel:etymology	Proto-West-Caucasian: *ba[q:I]V
Proto-West-Caucasian: *baq̇Iʷǝ	rel:etymological_origin_of	Adyghe: baq:ʷ
Adyghe: baq:ʷ	rel:etymology	Proto-West-Caucasian: *baq̇Iʷǝ
Proto-West-Caucasian: *baq̇Iʷǝ	rel:etymological_origin_of	Kabardian: baq:ʷ
Kabardian: baq:ʷ	rel:etymology	Proto-West-Caucasian: *baq̇Iʷǝ
Proto-West-Caucasian: *bawǝ	rel:etymological_origin_of	Abkhaz: a-bóra
Abkhaz: a-bóra	rel:etymology	Proto-West-Caucasian: *bawǝ
Proto-West-Caucasian: *bawǝ	rel:etymological_origin_of	Abaza: bora
Abaza: bora	rel:etymology	Proto-West-Caucasian: *bawǝ
Proto-West-Caucasian: *bawǝ	rel:etymological_origin_of	Kabardian: bow
Kabardian: bow	rel:etymology	Proto-West-Caucasian: *bawǝ
Proto-West-Caucasian: *baχa	rel:etymological_origin_of	Abkhaz: a-báħa
Abkhaz: a-báħa	rel:etymology	Proto-West-Caucasian: *baχa
Proto-West-Caucasian: *b-ć̣ʷǝ	rel:etymological_origin_of	Abkhaz: ž̌a-bá
Abkhaz: ž̌a-bá	rel:etymology	Proto-West-Caucasian: *b-ć̣ʷǝ
Proto-West-Caucasian: *b-ć̣ʷǝ	rel:etymological_origin_of	Abaza: žʷa-ba
Abaza: žʷa-ba	rel:etymology	Proto-West-Caucasian: *b-ć̣ʷǝ
Proto-West-Caucasian: *b-ć̣ʷǝ	rel:etymological_origin_of	Adyghe: ṗṣ́ǝ
Adyghe: ṗṣ́ǝ	rel:etymology	Proto-West-Caucasian: *b-ć̣ʷǝ
Proto-West-Caucasian: *b-ć̣ʷǝ	rel:etymological_origin_of	Kabardian: ṗṣ́ǝ
Kabardian: ṗṣ́ǝ	rel:etymology	Proto-West-Caucasian: *b-ć̣ʷǝ
Proto-West-Caucasian: *b-ć̣ʷǝ	rel:etymological_origin_of	Ubykh: žʷǝ
Ubykh: žʷǝ	rel:etymology	Proto-West-Caucasian: *b-ć̣ʷǝ
Proto-West-Caucasian: *b-č̣́a	rel:etymological_origin_of	Adyghe: ħāč̣́a
Adyghe: ħāč̣́a	rel:etymology	Proto-West-Caucasian: *b-č̣́a
Proto-West-Caucasian: *b-č̣́a	rel:etymological_origin_of	Kabardian: ħaṣ́a
Kabardian: ħaṣ́a	rel:etymology	Proto-West-Caucasian: *b-č̣́a
Proto-West-Caucasian: *b-č̣́a	rel:etymological_origin_of	Ubykh: pč̣́a
Ubykh: pč̣́a	rel:etymology	Proto-West-Caucasian: *b-č̣́a
Proto-West-Caucasian: *bǝ	rel:etymological_origin_of	Abkhaz: a-b-
Abkhaz: a-b-	rel:etymology	Proto-West-Caucasian: *bǝ
Proto-West-Caucasian: *bǝ	rel:etymological_origin_of	Abaza: a-b-
Abaza: a-b-	rel:etymology	Proto-West-Caucasian: *bǝ
Proto-West-Caucasian: *bǝ	rel:etymological_origin_of	Kabardian: (ā)-bǝ
Kabardian: (ā)-bǝ	rel:etymology	Proto-West-Caucasian: *bǝ
Proto-West-Caucasian: *bǝ(	rel:etymological_origin_of	Abkhaz: bʁa- (in comp.)
Abkhaz: bʁa- (in comp.)	rel:etymology	Proto-West-Caucasian: *bǝ(
Proto-West-Caucasian: *bǝ(	rel:etymological_origin_of	Adyghe: bɣǝ 
Adyghe: bɣǝ 	rel:etymology	Proto-West-Caucasian: *bǝ(
Proto-West-Caucasian: *bǝ(	rel:etymological_origin_of	Kabardian: bɣǝ 
Kabardian: bɣǝ 	rel:etymology	Proto-West-Caucasian: *bǝ(
Proto-West-Caucasian: *bǝbǝ	rel:etymological_origin_of	Adyghe: bǝbǝ-n 
Adyghe: bǝbǝ-n 	rel:etymology	Proto-West-Caucasian: *bǝbǝ
Proto-West-Caucasian: *bǝbǝ	rel:etymological_origin_of	Kabardian: zǝʁa-bǝbǝ-n 
Kabardian: zǝʁa-bǝbǝ-n 	rel:etymology	Proto-West-Caucasian: *bǝbǝ
Proto-West-Caucasian: *bǝbǝ	rel:etymological_origin_of	Abkhaz: á-bǝb
Abkhaz: á-bǝb	rel:etymology	Proto-West-Caucasian: *bǝbǝ
Proto-West-Caucasian: *bǝbǝ	rel:etymological_origin_of	Adyghe: psǝ-bǝb 
Adyghe: psǝ-bǝb 	rel:etymology	Proto-West-Caucasian: *bǝbǝ
Proto-West-Caucasian: *bǝbǝ	rel:etymological_origin_of	Kabardian: psǝ-bǝb 
Kabardian: psǝ-bǝb 	rel:etymology	Proto-West-Caucasian: *bǝbǝ
Proto-West-Caucasian: *bǝč́:ʷa	rel:etymological_origin_of	Adyghe: ʁʷǝpč 
Adyghe: ʁʷǝpč 	rel:etymology	Proto-West-Caucasian: *bǝč́:ʷa
Proto-West-Caucasian: *bǝč́:ʷa	rel:etymological_origin_of	Kabardian: ʁʷǝbža 
Kabardian: ʁʷǝbža 	rel:etymology	Proto-West-Caucasian: *bǝč́:ʷa
Proto-West-Caucasian: *bǝč́:ʷa	rel:etymological_origin_of	Ubykh: pč́a- 
Ubykh: pč́a- 	rel:etymology	Proto-West-Caucasian: *bǝč́:ʷa
Proto-West-Caucasian: *bǝč̣́ǝ	rel:etymological_origin_of	Abkhaz: a-bč̣́ǝ́ 
Abkhaz: a-bč̣́ǝ́ 	rel:etymology	Proto-West-Caucasian: *bǝč̣́ǝ
Proto-West-Caucasian: *bǝč̣́ǝ	rel:etymological_origin_of	Abaza: bč̣́ǝ 
Abaza: bč̣́ǝ 	rel:etymology	Proto-West-Caucasian: *bǝč̣́ǝ
Proto-West-Caucasian: *bǝč̣́ǝ	rel:etymological_origin_of	Adyghe: nǝbǝǯ́ 
Adyghe: nǝbǝǯ́ 	rel:etymology	Proto-West-Caucasian: *bǝč̣́ǝ
Proto-West-Caucasian: *bǝč̣́ǝ	rel:etymological_origin_of	Kabardian: bǝnža 
Kabardian: bǝnža 	rel:etymology	Proto-West-Caucasian: *bǝč̣́ǝ
Proto-West-Caucasian: *bǝč̣́ǝ	rel:etymological_origin_of	Ubykh: bǝč̣́ǝ́ 
Ubykh: bǝč̣́ǝ́ 	rel:etymology	Proto-West-Caucasian: *bǝč̣́ǝ
Proto-West-Caucasian: *bǝč̣ǝ	rel:etymological_origin_of	Abkhaz: a-r-bǝc̣-rá 
Abkhaz: a-r-bǝc̣-rá 	rel:etymology	Proto-West-Caucasian: *bǝč̣ǝ
Proto-West-Caucasian: *bǝč̣ǝ	rel:etymological_origin_of	Abaza: r-bc̣-ra 
Abaza: r-bc̣-ra 	rel:etymology	Proto-West-Caucasian: *bǝč̣ǝ
Proto-West-Caucasian: *bǝč̣ǝ	rel:etymological_origin_of	Ubykh: bǝc̣(ǝ́)- 
Ubykh: bǝc̣(ǝ́)- 	rel:etymology	Proto-West-Caucasian: *bǝč̣ǝ
Proto-West-Caucasian: *bǝɣA	rel:etymological_origin_of	Abkhaz: á-bʁa
Abkhaz: á-bʁa	rel:etymology	Proto-West-Caucasian: *bǝɣA
Proto-West-Caucasian: *bǝɣA	rel:etymological_origin_of	Abaza: bʁa
Abaza: bʁa	rel:etymology	Proto-West-Caucasian: *bǝɣA
Proto-West-Caucasian: *bǝɣA	rel:etymological_origin_of	Adyghe: bɣǝ
Adyghe: bɣǝ	rel:etymology	Proto-West-Caucasian: *bǝɣA
Proto-West-Caucasian: *bǝɣA	rel:etymological_origin_of	Kabardian: bɣǝ
Kabardian: bɣǝ	rel:etymology	Proto-West-Caucasian: *bǝɣA
Proto-West-Caucasian: *b(ǝ)ɣ́ǝ	rel:etymological_origin_of	Adyghe: bž́ǝ
Adyghe: bž́ǝ	rel:etymology	Proto-West-Caucasian: *b(ǝ)ɣ́ǝ
Proto-West-Caucasian: *b(ǝ)ɣ́ǝ	rel:etymological_origin_of	Kabardian: bźǝ
Kabardian: bźǝ	rel:etymology	Proto-West-Caucasian: *b(ǝ)ɣ́ǝ
Proto-West-Caucasian: *bǝʁ(I)a	rel:etymological_origin_of	Abkhaz: a-bā́ 
Abkhaz: a-bā́ 	rel:etymology	Proto-West-Caucasian: *bǝʁ(I)a
Proto-West-Caucasian: *bǝʁ(I)a	rel:etymological_origin_of	Abaza: bʕa 
Abaza: bʕa 	rel:etymology	Proto-West-Caucasian: *bǝʁ(I)a
Proto-West-Caucasian: *bǝʁ(I)a	rel:etymological_origin_of	Adyghe: nā-bʁa 
Adyghe: nā-bʁa 	rel:etymology	Proto-West-Caucasian: *bǝʁ(I)a
Proto-West-Caucasian: *bǝʁ(I)a	rel:etymological_origin_of	Kabardian: nā-bʁa 
Kabardian: nā-bʁa 	rel:etymology	Proto-West-Caucasian: *bǝʁ(I)a
Proto-West-Caucasian: *bǝʁIa	rel:etymological_origin_of	Adyghe: bʁa 
Adyghe: bʁa 	rel:etymology	Proto-West-Caucasian: *bǝʁIa
Proto-West-Caucasian: *bǝʁIa	rel:etymological_origin_of	Kabardian: bʁa 
Kabardian: bʁa 	rel:etymology	Proto-West-Caucasian: *bǝʁIa
Proto-West-Caucasian: *bǝʁIa	rel:etymological_origin_of	Ubykh: bIʁIa-ǯ́á 
Ubykh: bIʁIa-ǯ́á 	rel:etymology	Proto-West-Caucasian: *bǝʁIa
Proto-West-Caucasian: *b(ǝ)ʁʷa	rel:etymological_origin_of	Adyghe: bʁʷa
Adyghe: bʁʷa	rel:etymology	Proto-West-Caucasian: *b(ǝ)ʁʷa
Proto-West-Caucasian: *b(ǝ)ʁʷa	rel:etymological_origin_of	Kabardian: bʁʷa
Kabardian: bʁʷa	rel:etymology	Proto-West-Caucasian: *b(ǝ)ʁʷa
Proto-West-Caucasian: *(bǝ)ʁ́ʷV	rel:etymological_origin_of	Adyghe: bʁʷǝ
Adyghe: bʁʷǝ	rel:etymology	Proto-West-Caucasian: *(bǝ)ʁ́ʷV
Proto-West-Caucasian: *(bǝ)ʁ́ʷV	rel:etymological_origin_of	Kabardian: bʁʷǝ
Kabardian: bʁʷǝ	rel:etymology	Proto-West-Caucasian: *(bǝ)ʁ́ʷV
Proto-West-Caucasian: *(bǝ)ʁ́ʷV	rel:etymological_origin_of	Ubykh: ʁ́a-ḳ́á
Ubykh: ʁ́a-ḳ́á	rel:etymology	Proto-West-Caucasian: *(bǝ)ʁ́ʷV
Proto-West-Caucasian: *bǝʁ́(ʷ)V	rel:etymological_origin_of	Abkhaz: á-t-bā
Abkhaz: á-t-bā	rel:etymology	Proto-West-Caucasian: *bǝʁ́(ʷ)V
Proto-West-Caucasian: *bǝʁ́(ʷ)V	rel:etymological_origin_of	Abaza: t-bʕa
Abaza: t-bʕa	rel:etymology	Proto-West-Caucasian: *bǝʁ́(ʷ)V
Proto-West-Caucasian: *bǝʁ́(ʷ)V	rel:etymological_origin_of	Adyghe: bʁʷa
Adyghe: bʁʷa	rel:etymology	Proto-West-Caucasian: *bǝʁ́(ʷ)V
Proto-West-Caucasian: *bǝʁ́(ʷ)V	rel:etymological_origin_of	Kabardian: bʁʷa
Kabardian: bʁʷa	rel:etymology	Proto-West-Caucasian: *bǝʁ́(ʷ)V
Proto-West-Caucasian: *bǝʁ́(ʷ)V	rel:etymological_origin_of	Ubykh: bʁ́ǝ
Ubykh: bʁ́ǝ	rel:etymology	Proto-West-Caucasian: *bǝʁ́(ʷ)V
Proto-West-Caucasian: *bǝḳǝ	rel:etymological_origin_of	Abaza: bḳ-ra
Abaza: bḳ-ra	rel:etymology	Proto-West-Caucasian: *bǝḳǝ
Proto-West-Caucasian: *bǝḳǝ	rel:etymological_origin_of	Ubykh: baḳ́ǝ-
Ubykh: baḳ́ǝ-	rel:etymology	Proto-West-Caucasian: *bǝḳǝ
Proto-West-Caucasian: *bǝlA	rel:etymological_origin_of	Abkhaz: a-bǝ́l-ra 
Abkhaz: a-bǝ́l-ra 	rel:etymology	Proto-West-Caucasian: *bǝlA
Proto-West-Caucasian: *bǝlA	rel:etymological_origin_of	Abaza: bǝl-ra 
Abaza: bǝl-ra 	rel:etymology	Proto-West-Caucasian: *bǝlA
Proto-West-Caucasian: *bǝlA	rel:etymological_origin_of	Adyghe: bLa- 
Adyghe: bLa- 	rel:etymology	Proto-West-Caucasian: *bǝlA
Proto-West-Caucasian: *bǝlA	rel:etymological_origin_of	Kabardian: bLa- 
Kabardian: bLa- 	rel:etymology	Proto-West-Caucasian: *bǝlA
Proto-West-Caucasian: *b(ǝ)Ĺa	rel:etymological_origin_of	Adyghe: ʡā-bL
Adyghe: ʡā-bL	rel:etymology	Proto-West-Caucasian: *b(ǝ)Ĺa
Proto-West-Caucasian: *b(ǝ)Ĺa	rel:etymological_origin_of	Kabardian: bLa
Kabardian: bLa	rel:etymology	Proto-West-Caucasian: *b(ǝ)Ĺa
Proto-West-Caucasian: *bǝĹa	rel:etymological_origin_of	Abkhaz: a-bž́á-ra 
Abkhaz: a-bž́á-ra 	rel:etymology	Proto-West-Caucasian: *bǝĹa
Proto-West-Caucasian: *bǝĹa	rel:etymological_origin_of	Abaza: bž́a-ra 
Abaza: bž́a-ra 	rel:etymology	Proto-West-Caucasian: *bǝĹa
Proto-West-Caucasian: *bǝĹa	rel:etymological_origin_of	Adyghe: bLā-ʁa 
Adyghe: bLā-ʁa 	rel:etymology	Proto-West-Caucasian: *bǝĹa
Proto-West-Caucasian: *bǝĹa	rel:etymological_origin_of	Kabardian: bLā-ʁa 
Kabardian: bLā-ʁa 	rel:etymology	Proto-West-Caucasian: *bǝĹa
Proto-West-Caucasian: *bǝĹa	rel:etymological_origin_of	Ubykh: bLa- 
Ubykh: bLa- 	rel:etymology	Proto-West-Caucasian: *bǝĹa
Proto-West-Caucasian: *b(ǝ)Ĺa	rel:etymological_origin_of	Adyghe: bLa
Adyghe: bLa	rel:etymology	Proto-West-Caucasian: *b(ǝ)Ĺa
Proto-West-Caucasian: *b(ǝ)Ĺa	rel:etymological_origin_of	Kabardian: bLa
Kabardian: bLa	rel:etymology	Proto-West-Caucasian: *b(ǝ)Ĺa
Proto-West-Caucasian: *bǝ̃la	rel:etymological_origin_of	Abaza: čʷǝ-mla 
Abaza: čʷǝ-mla 	rel:etymology	Proto-West-Caucasian: *bǝ̃la
Proto-West-Caucasian: *bǝ̃la	rel:etymological_origin_of	Adyghe: pχā-bLa 
Adyghe: pχā-bLa 	rel:etymology	Proto-West-Caucasian: *bǝ̃la
Proto-West-Caucasian: *bǝ̃la	rel:etymological_origin_of	Kabardian: pχā-bLa 
Kabardian: pχā-bLa 	rel:etymology	Proto-West-Caucasian: *bǝ̃la
Proto-West-Caucasian: *bǝlǝ	rel:etymological_origin_of	Adyghe: bǝLǝm 
Adyghe: bǝLǝm 	rel:etymology	Proto-West-Caucasian: *bǝlǝ
Proto-West-Caucasian: *bǝlǝ	rel:etymological_origin_of	Kabardian: bǝLǝm 
Kabardian: bǝLǝm 	rel:etymology	Proto-West-Caucasian: *bǝlǝ
Proto-West-Caucasian: *bǝlǝ	rel:etymological_origin_of	Ubykh: bǝjǝ́ 
Ubykh: bǝjǝ́ 	rel:etymology	Proto-West-Caucasian: *bǝlǝ
Proto-West-Caucasian: *bǝĹǝ	rel:etymological_origin_of	Abkhaz: bž́-ba
Abkhaz: bž́-ba	rel:etymology	Proto-West-Caucasian: *bǝĹǝ
Proto-West-Caucasian: *bǝĹǝ	rel:etymological_origin_of	Abaza: bǝž́-ba
Abaza: bǝž́-ba	rel:etymology	Proto-West-Caucasian: *bǝĹǝ
Proto-West-Caucasian: *bǝĹǝ	rel:etymological_origin_of	Adyghe: bLǝ
Adyghe: bLǝ	rel:etymology	Proto-West-Caucasian: *bǝĹǝ
Proto-West-Caucasian: *bǝĹǝ	rel:etymological_origin_of	Kabardian: bLǝ
Kabardian: bLǝ	rel:etymology	Proto-West-Caucasian: *bǝĹǝ
Proto-West-Caucasian: *bǝĹǝ	rel:etymological_origin_of	Ubykh: bLǝ
Ubykh: bLǝ	rel:etymology	Proto-West-Caucasian: *bǝĹǝ
Proto-West-Caucasian: *bǝŁ́ʷa	rel:etymological_origin_of	Adyghe: -bɣa
Adyghe: -bɣa	rel:etymology	Proto-West-Caucasian: *bǝŁ́ʷa
Proto-West-Caucasian: *bǝŁ́ʷa	rel:etymological_origin_of	Kabardian: -bža
Kabardian: -bža	rel:etymology	Proto-West-Caucasian: *bǝŁ́ʷa
Proto-West-Caucasian: *bǝq:Iʷǝ	rel:etymological_origin_of	Abkhaz: á-baʕʷ 
Abkhaz: á-baʕʷ 	rel:etymology	Proto-West-Caucasian: *bǝq:Iʷǝ
Proto-West-Caucasian: *bǝq:Iʷǝ	rel:etymological_origin_of	Abaza: bʕʷǝ 
Abaza: bʕʷǝ 	rel:etymology	Proto-West-Caucasian: *bǝq:Iʷǝ
Proto-West-Caucasian: *bǝq:Iʷǝ	rel:etymological_origin_of	Adyghe: p:q:ǝ 
Adyghe: p:q:ǝ 	rel:etymology	Proto-West-Caucasian: *bǝq:Iʷǝ
Proto-West-Caucasian: *bǝq:Iʷǝ	rel:etymological_origin_of	Kabardian: p:q:ǝ 
Kabardian: p:q:ǝ 	rel:etymology	Proto-West-Caucasian: *bǝq:Iʷǝ
Proto-West-Caucasian: *bǝq̇V-wǝ	rel:etymological_origin_of	Abkhaz: a-bǝ́q̇ʷ
Abkhaz: a-bǝ́q̇ʷ	rel:etymology	Proto-West-Caucasian: *bǝq̇V-wǝ
Proto-West-Caucasian: *bǝq̇V-wǝ	rel:etymological_origin_of	Adyghe: p:q:aw
Adyghe: p:q:aw	rel:etymology	Proto-West-Caucasian: *bǝq̇V-wǝ
Proto-West-Caucasian: *bǝq̇V-wǝ	rel:etymological_origin_of	Kabardian: pq:ow
Kabardian: pq:ow	rel:etymology	Proto-West-Caucasian: *bǝq̇V-wǝ
Proto-West-Caucasian: *bǝsǝ	rel:etymological_origin_of	Ubykh: zʷa-psǝ́
Ubykh: zʷa-psǝ́	rel:etymology	Proto-West-Caucasian: *bǝsǝ
Proto-West-Caucasian: *bǝšA	rel:etymological_origin_of	Abkhaz: a-psā́(ṭʷ) 
Abkhaz: a-psā́(ṭʷ) 	rel:etymology	Proto-West-Caucasian: *bǝšA
Proto-West-Caucasian: *bǝšA	rel:etymological_origin_of	Abaza: pssʕa- 
Abaza: pssʕa- 	rel:etymology	Proto-West-Caucasian: *bǝšA
Proto-West-Caucasian: *bǝšA	rel:etymological_origin_of	Adyghe: bzǝwǝ 
Adyghe: bzǝwǝ 	rel:etymology	Proto-West-Caucasian: *bǝšA
Proto-West-Caucasian: *bǝšA	rel:etymological_origin_of	Kabardian: bzuw 
Kabardian: bzuw 	rel:etymology	Proto-West-Caucasian: *bǝšA
Proto-West-Caucasian: *bǝšA	rel:etymological_origin_of	Ubykh: bzā-pá 
Ubykh: bzā-pá 	rel:etymology	Proto-West-Caucasian: *bǝšA
Proto-West-Caucasian: *bǝtʷa	rel:etymological_origin_of	Abkhaz: á-btʷa
Abkhaz: á-btʷa	rel:etymology	Proto-West-Caucasian: *bǝtʷa
Proto-West-Caucasian: *bǝtʷa	rel:etymological_origin_of	Abaza: bčʷa
Abaza: bčʷa	rel:etymology	Proto-West-Caucasian: *bǝtʷa
Proto-West-Caucasian: *bǝźA	rel:etymological_origin_of	Abkhaz: á-bz 
Abkhaz: á-bz 	rel:etymology	Proto-West-Caucasian: *bǝźA
Proto-West-Caucasian: *bǝźA	rel:etymological_origin_of	Abaza: bzǝ 
Abaza: bzǝ 	rel:etymology	Proto-West-Caucasian: *bǝźA
Proto-West-Caucasian: *bǝźA	rel:etymological_origin_of	Adyghe: bza 
Adyghe: bza 	rel:etymology	Proto-West-Caucasian: *bǝźA
Proto-West-Caucasian: *bǝźA	rel:etymological_origin_of	Kabardian: bza 
Kabardian: bza 	rel:etymology	Proto-West-Caucasian: *bǝźA
Proto-West-Caucasian: *bǝźA	rel:etymological_origin_of	Ubykh: bźa 
Ubykh: bźa 	rel:etymology	Proto-West-Caucasian: *bǝźA
Proto-West-Caucasian: *b(ǝ)źa	rel:etymological_origin_of	Adyghe: tħā-bz
Adyghe: tħā-bz	rel:etymology	Proto-West-Caucasian: *b(ǝ)źa
Proto-West-Caucasian: *b(ǝ)źa	rel:etymological_origin_of	Kabardian: tħa-bza
Kabardian: tħa-bza	rel:etymology	Proto-West-Caucasian: *b(ǝ)źa
Proto-West-Caucasian: *bǝza	rel:etymological_origin_of	Abkhaz: a-bzá
Abkhaz: a-bzá	rel:etymology	Proto-West-Caucasian: *bǝza
Proto-West-Caucasian: *bǝza	rel:etymological_origin_of	Abaza: bza
Abaza: bza	rel:etymology	Proto-West-Caucasian: *bǝza
Proto-West-Caucasian: *bǝ̃za	rel:etymological_origin_of	Abkhaz: a-č̌ǝ́-mza 
Abkhaz: a-č̌ǝ́-mza 	rel:etymology	Proto-West-Caucasian: *bǝ̃za
Proto-West-Caucasian: *bǝ̃za	rel:etymological_origin_of	Abaza: mza 
Abaza: mza 	rel:etymology	Proto-West-Caucasian: *bǝ̃za
Proto-West-Caucasian: *bǝ̃za	rel:etymological_origin_of	Adyghe: bzǝj 
Adyghe: bzǝj 	rel:etymology	Proto-West-Caucasian: *bǝ̃za
Proto-West-Caucasian: *bǝ̃za	rel:etymological_origin_of	Kabardian: bzij 
Kabardian: bzij 	rel:etymology	Proto-West-Caucasian: *bǝ̃za
Proto-West-Caucasian: *bǝ̃za	rel:etymological_origin_of	Ubykh: mǝʒá 
Ubykh: mǝʒá 	rel:etymology	Proto-West-Caucasian: *bǝ̃za
Proto-West-Caucasian: *bǝ̃źʷa	rel:etymological_origin_of	Abaza: š́a-mza 
Abaza: š́a-mza 	rel:etymology	Proto-West-Caucasian: *bǝ̃źʷa
Proto-West-Caucasian: *bǝ̃źʷa	rel:etymological_origin_of	Adyghe: bźa 
Adyghe: bźa 	rel:etymology	Proto-West-Caucasian: *bǝ̃źʷa
Proto-West-Caucasian: *bǝ̃źʷa	rel:etymological_origin_of	Kabardian: bźa 
Kabardian: bźa 	rel:etymology	Proto-West-Caucasian: *bǝ̃źʷa
Proto-West-Caucasian: *bǝ̃źʷa	rel:etymological_origin_of	Ubykh: -žʷa 
Ubykh: -žʷa 	rel:etymology	Proto-West-Caucasian: *bǝ̃źʷa
Proto-West-Caucasian: *b(ǝ)źʷa	rel:etymological_origin_of	Adyghe: bźā-pa
Adyghe: bźā-pa	rel:etymology	Proto-West-Caucasian: *b(ǝ)źʷa
Proto-West-Caucasian: *b(ǝ)źʷa	rel:etymological_origin_of	Kabardian: bźa-pa
Kabardian: bźa-pa	rel:etymology	Proto-West-Caucasian: *b(ǝ)źʷa
Proto-West-Caucasian: *bǝʒǝ	rel:etymological_origin_of	Adyghe: bǝʒǝ
Adyghe: bǝʒǝ	rel:etymology	Proto-West-Caucasian: *bǝʒǝ
Proto-West-Caucasian: *bǝʒǝ	rel:etymological_origin_of	Kabardian: bǝʒ
Kabardian: bǝʒ	rel:etymology	Proto-West-Caucasian: *bǝʒǝ
Proto-West-Caucasian: *bǝʒǝ	rel:etymological_origin_of	Ubykh: bǝʒ
Ubykh: bǝʒ	rel:etymology	Proto-West-Caucasian: *bǝʒǝ
Proto-West-Caucasian: *bǝž́V	rel:etymological_origin_of	Abkhaz: a-bžǝ́ 
Abkhaz: a-bžǝ́ 	rel:etymology	Proto-West-Caucasian: *bǝž́V
Proto-West-Caucasian: *bǝž́V	rel:etymological_origin_of	Abaza: bǝž 
Abaza: bǝž 	rel:etymology	Proto-West-Caucasian: *bǝž́V
Proto-West-Caucasian: *bǝž́V	rel:etymological_origin_of	Adyghe: bžǝ-ʒa 
Adyghe: bžǝ-ʒa 	rel:etymology	Proto-West-Caucasian: *bǝž́V
Proto-West-Caucasian: *bǝž́V	rel:etymological_origin_of	Kabardian: bźǝ-ʒa 
Kabardian: bźǝ-ʒa 	rel:etymology	Proto-West-Caucasian: *bǝž́V
Proto-West-Caucasian: *b-ʁ́a	rel:etymological_origin_of	Adyghe: bʁa- 
Adyghe: bʁa- 	rel:etymology	Proto-West-Caucasian: *b-ʁ́a
Proto-West-Caucasian: *b-ʁ́a	rel:etymological_origin_of	Kabardian: bʁa- 
Kabardian: bʁa- 	rel:etymology	Proto-West-Caucasian: *b-ʁ́a
Proto-West-Caucasian: *b-ʁ́a	rel:etymological_origin_of	Ubykh: bʁ́a 
Ubykh: bʁ́a 	rel:etymology	Proto-West-Caucasian: *b-ʁ́a
Proto-West-Caucasian: *bIA	rel:etymological_origin_of	Abkhaz: -b 
Abkhaz: -b 	rel:etymology	Proto-West-Caucasian: *bIA
Proto-West-Caucasian: *bIA	rel:etymological_origin_of	Abaza: -ba 
Abaza: -ba 	rel:etymology	Proto-West-Caucasian: *bIA
Proto-West-Caucasian: *bIA	rel:etymological_origin_of	Adyghe: ba 
Adyghe: ba 	rel:etymology	Proto-West-Caucasian: *bIA
Proto-West-Caucasian: *bIA	rel:etymological_origin_of	Kabardian: ba-  (in comp.)
Kabardian: ba-  (in comp.)	rel:etymology	Proto-West-Caucasian: *bIA
Proto-West-Caucasian: *bIA	rel:etymological_origin_of	Ubykh: bIǝ 
Ubykh: bIǝ 	rel:etymology	Proto-West-Caucasian: *bIA
Proto-West-Caucasian: *bIa	rel:etymological_origin_of	Abkhaz: á-jba
Abkhaz: á-jba	rel:etymology	Proto-West-Caucasian: *bIa
Proto-West-Caucasian: *bIa	rel:etymological_origin_of	Abaza: jǝba
Abaza: jǝba	rel:etymology	Proto-West-Caucasian: *bIa
Proto-West-Caucasian: *bIa	rel:etymological_origin_of	Adyghe: jǝba
Adyghe: jǝba	rel:etymology	Proto-West-Caucasian: *bIa
Proto-West-Caucasian: *bIa	rel:etymological_origin_of	Kabardian: jǝba
Kabardian: jǝba	rel:etymology	Proto-West-Caucasian: *bIa
Proto-West-Caucasian: *bIa	rel:etymological_origin_of	Ubykh: jabIá
Ubykh: jabIá	rel:etymology	Proto-West-Caucasian: *bIa
Proto-West-Caucasian: *bIaga	rel:etymological_origin_of	Abkhaz: á-bga 
Abkhaz: á-bga 	rel:etymology	Proto-West-Caucasian: *bIaga
Proto-West-Caucasian: *bIaga	rel:etymological_origin_of	Abaza: baga 
Abaza: baga 	rel:etymology	Proto-West-Caucasian: *bIaga
Proto-West-Caucasian: *bIaga	rel:etymological_origin_of	Adyghe: bāǯ́a 
Adyghe: bāǯ́a 	rel:etymology	Proto-West-Caucasian: *bIaga
Proto-West-Caucasian: *bIaga	rel:etymological_origin_of	Kabardian: bāža 
Kabardian: bāža 	rel:etymology	Proto-West-Caucasian: *bIaga
Proto-West-Caucasian: *bIaga	rel:etymological_origin_of	Ubykh: bIaǵá-šʷ 
Ubykh: bIaǵá-šʷ 	rel:etymology	Proto-West-Caucasian: *bIaga
Proto-West-Caucasian: *b-ĺa	rel:etymological_origin_of	Abkhaz: á-la
Abkhaz: á-la	rel:etymology	Proto-West-Caucasian: *b-ĺa
Proto-West-Caucasian: *b-ĺa	rel:etymological_origin_of	Abaza: la
Abaza: la	rel:etymology	Proto-West-Caucasian: *b-ĺa
Proto-West-Caucasian: *b-ĺa	rel:etymological_origin_of	Adyghe: na
Adyghe: na	rel:etymology	Proto-West-Caucasian: *b-ĺa
Proto-West-Caucasian: *b-ĺa	rel:etymological_origin_of	Kabardian: na
Kabardian: na	rel:etymology	Proto-West-Caucasian: *b-ĺa
Proto-West-Caucasian: *b-ĺa	rel:etymological_origin_of	Ubykh: bLa
Ubykh: bLa	rel:etymology	Proto-West-Caucasian: *b-ĺa
Proto-West-Caucasian: *bĹǝ-nǝ	rel:etymological_origin_of	Adyghe: bLǝnǝ 
Adyghe: bLǝnǝ 	rel:etymology	Proto-West-Caucasian: *bĹǝ-nǝ
Proto-West-Caucasian: *bĹǝ-nǝ	rel:etymological_origin_of	Kabardian: bLǝn 
Kabardian: bLǝn 	rel:etymology	Proto-West-Caucasian: *bĹǝ-nǝ
Proto-West-Caucasian: *bĹǝ-nǝ	rel:etymological_origin_of	Ubykh: bLǝn 
Ubykh: bLǝn 	rel:etymology	Proto-West-Caucasian: *bĹǝ-nǝ
Proto-West-Caucasian: *b-sV	rel:etymological_origin_of	Abkhaz: a-sa-rá
Abkhaz: a-sa-rá	rel:etymology	Proto-West-Caucasian: *b-sV
Proto-West-Caucasian: *b-sV	rel:etymological_origin_of	Abaza: sa-ra
Abaza: sa-ra	rel:etymology	Proto-West-Caucasian: *b-sV
Proto-West-Caucasian: *b-sV	rel:etymological_origin_of	Adyghe: bzǝ-n
Adyghe: bzǝ-n	rel:etymology	Proto-West-Caucasian: *b-sV
Proto-West-Caucasian: *b-sV	rel:etymological_origin_of	Kabardian: bzǝ-n
Kabardian: bzǝ-n	rel:etymology	Proto-West-Caucasian: *b-sV
Proto-West-Caucasian: *b-sV	rel:etymological_origin_of	Ubykh: bzǝ-
Ubykh: bzǝ-	rel:etymology	Proto-West-Caucasian: *b-sV
Proto-West-Caucasian: *-bV	rel:etymological_origin_of	Abkhaz: -ṗ 
Abkhaz: -ṗ 	rel:etymology	Proto-West-Caucasian: *-bV
Proto-West-Caucasian: *-bV	rel:etymological_origin_of	Abaza: -ṗ 
Abaza: -ṗ 	rel:etymology	Proto-West-Caucasian: *-bV
Proto-West-Caucasian: *-bV	rel:etymological_origin_of	Adyghe: -ba 
Adyghe: -ba 	rel:etymology	Proto-West-Caucasian: *-bV
Proto-West-Caucasian: *-bV	rel:etymological_origin_of	Ubykh: -ba 
Ubykh: -ba 	rel:etymology	Proto-West-Caucasian: *-bV
Proto-West-Caucasian: *b́Vb́a	rel:etymological_origin_of	Abkhaz: a-bába 
Abkhaz: a-bába 	rel:etymology	Proto-West-Caucasian: *b́Vb́a
Proto-West-Caucasian: *b́Vb́a	rel:etymological_origin_of	Abaza: baba 
Abaza: baba 	rel:etymology	Proto-West-Caucasian: *b́Vb́a
Proto-West-Caucasian: *b́Vb́a	rel:etymological_origin_of	Ubykh: dʷǝdʷá
Ubykh: dʷǝdʷá	rel:etymology	Proto-West-Caucasian: *b́Vb́a
Proto-West-Caucasian: *bVc:ʷV	rel:etymological_origin_of	Abkhaz: a-báč̌
Abkhaz: a-báč̌	rel:etymology	Proto-West-Caucasian: *bVc:ʷV
Proto-West-Caucasian: *bVc:ʷV	rel:etymological_origin_of	Adyghe: nā-pca (Shaps.)
Adyghe: nā-pca (Shaps.)	rel:etymology	Proto-West-Caucasian: *bVc:ʷV
Proto-West-Caucasian: *bVc:ʷV	rel:etymological_origin_of	Ubykh: brǝcʷ
Ubykh: brǝcʷ	rel:etymology	Proto-West-Caucasian: *bVc:ʷV
Proto-West-Caucasian: *(bVgV)-bVʒ́V	rel:etymological_origin_of	Abkhaz: a-bgǝ́ʒ
Abkhaz: a-bgǝ́ʒ	rel:etymology	Proto-West-Caucasian: *(bVgV)-bVʒ́V
Proto-West-Caucasian: *(bVgV)-bVʒ́V	rel:etymological_origin_of	Abaza: bagaʒa
Abaza: bagaʒa	rel:etymology	Proto-West-Caucasian: *(bVgV)-bVʒ́V
Proto-West-Caucasian: *bVχa	rel:etymological_origin_of	Abaza: baħa-ra 
Abaza: baħa-ra 	rel:etymology	Proto-West-Caucasian: *bVχa
Proto-West-Caucasian: *bVχa	rel:etymological_origin_of	Adyghe: ja-bʁa-n 
Adyghe: ja-bʁa-n 	rel:etymology	Proto-West-Caucasian: *bVχa
Proto-West-Caucasian: *bVχa	rel:etymological_origin_of	Kabardian: ja-bʁa-n 
Kabardian: ja-bʁa-n 	rel:etymology	Proto-West-Caucasian: *bVχa
Proto-West-Caucasian: *bVχa	rel:etymological_origin_of	Ubykh: baχá-
Ubykh: baχá-	rel:etymology	Proto-West-Caucasian: *bVχa
Proto-West-Caucasian: *bṼʒ́V	rel:etymological_origin_of	Abkhaz: á-mc̣
Abkhaz: á-mc̣	rel:etymology	Proto-West-Caucasian: *bṼʒ́V
Proto-West-Caucasian: *bṼʒ́V	rel:etymological_origin_of	Abaza: čʷǝ-nc̣ǝ
Abaza: čʷǝ-nc̣ǝ	rel:etymology	Proto-West-Caucasian: *bṼʒ́V
Proto-West-Caucasian: *bṼʒ́V	rel:etymological_origin_of	Adyghe: bāʒa
Adyghe: bāʒa	rel:etymology	Proto-West-Caucasian: *bṼʒ́V
Proto-West-Caucasian: *bṼʒ́V	rel:etymological_origin_of	Kabardian: bāʒa
Kabardian: bāʒa	rel:etymology	Proto-West-Caucasian: *bṼʒ́V
Proto-West-Caucasian: *bṼʒ́V	rel:etymological_origin_of	Ubykh: ba(n)ʒ́ǝ́
Ubykh: ba(n)ʒ́ǝ́	rel:etymology	Proto-West-Caucasian: *bṼʒ́V
Proto-West-Caucasian: *b-za	rel:etymological_origin_of	Adyghe: bza
Adyghe: bza	rel:etymology	Proto-West-Caucasian: *b-za
Proto-West-Caucasian: *b-za	rel:etymological_origin_of	Kabardian: bza-ps
Kabardian: bza-ps	rel:etymology	Proto-West-Caucasian: *b-za
Proto-West-Caucasian: *bzǝ	rel:etymological_origin_of	Abkhaz: a-ʒǝ́ 
Abkhaz: a-ʒǝ́ 	rel:etymology	Proto-West-Caucasian: *bzǝ
Proto-West-Caucasian: *bzǝ	rel:etymological_origin_of	Abaza: ʒǝ 
Abaza: ʒǝ 	rel:etymology	Proto-West-Caucasian: *bzǝ
Proto-West-Caucasian: *bzǝ	rel:etymological_origin_of	Adyghe: psǝ 
Adyghe: psǝ 	rel:etymology	Proto-West-Caucasian: *bzǝ
Proto-West-Caucasian: *bzǝ	rel:etymological_origin_of	Kabardian: psǝ 
Kabardian: psǝ 	rel:etymology	Proto-West-Caucasian: *bzǝ
Proto-West-Caucasian: *bzǝ	rel:etymological_origin_of	Ubykh: bzǝ 
Ubykh: bzǝ 	rel:etymology	Proto-West-Caucasian: *bzǝ
Proto-West-Caucasian: *(b)zʷǝ	rel:etymological_origin_of	Adyghe: źʷǝ-n
Adyghe: źʷǝ-n	rel:etymology	Proto-West-Caucasian: *(b)zʷǝ
Proto-West-Caucasian: *(b)zʷǝ	rel:etymological_origin_of	Kabardian: vǝ-n
Kabardian: vǝ-n	rel:etymology	Proto-West-Caucasian: *(b)zʷǝ
Proto-West-Caucasian: *(b)zʷǝ	rel:etymological_origin_of	Ubykh: bž́(ǝ)-
Ubykh: bž́(ǝ)-	rel:etymology	Proto-West-Caucasian: *(b)zʷǝ
Proto-West-Caucasian: *b-ǯ́ǝ(-nǝ)	rel:etymological_origin_of	Abkhaz: a-ǯ́ǝmš́ǝ́
Abkhaz: a-ǯ́ǝmš́ǝ́	rel:etymology	Proto-West-Caucasian: *b-ǯ́ǝ(-nǝ)
Proto-West-Caucasian: *b-ǯ́ǝ(-nǝ)	rel:etymological_origin_of	Abaza: ǯ́ǝmš́ǝ
Abaza: ǯ́ǝmš́ǝ	rel:etymology	Proto-West-Caucasian: *b-ǯ́ǝ(-nǝ)
Proto-West-Caucasian: *b-ǯ́ǝ(-nǝ)	rel:etymological_origin_of	Adyghe: bž́ǝnǝ
Adyghe: bž́ǝnǝ	rel:etymology	Proto-West-Caucasian: *b-ǯ́ǝ(-nǝ)
Proto-West-Caucasian: *b-ǯ́ǝ(-nǝ)	rel:etymological_origin_of	Kabardian: bźǝn
Kabardian: bźǝn	rel:etymology	Proto-West-Caucasian: *b-ǯ́ǝ(-nǝ)
Proto-West-Caucasian: *b-ǯ́ǝ(-nǝ)	rel:etymological_origin_of	Ubykh: žʷamʎǝ́
Ubykh: žʷamʎǝ́	rel:etymology	Proto-West-Caucasian: *b-ǯ́ǝ(-nǝ)
Proto-West-Caucasian: *bǯ́V	rel:etymological_origin_of	Abkhaz: a-ǯ́-rá 
Abkhaz: a-ǯ́-rá 	rel:etymology	Proto-West-Caucasian: *bǯ́V
Proto-West-Caucasian: *bǯ́V	rel:etymological_origin_of	Abaza: ǯ́-ra 
Abaza: ǯ́-ra 	rel:etymology	Proto-West-Caucasian: *bǯ́V
Proto-West-Caucasian: *bǯ́V	rel:etymological_origin_of	Adyghe: ja-bž́a-n 
Adyghe: ja-bž́a-n 	rel:etymology	Proto-West-Caucasian: *bǯ́V
Proto-West-Caucasian: *bǯ́V	rel:etymological_origin_of	Kabardian: jǝ-bźa-n 
Kabardian: jǝ-bźa-n 	rel:etymology	Proto-West-Caucasian: *bǯ́V
Proto-West-Caucasian: *b́ʷV	rel:etymological_origin_of	Abkhaz: á-ʒa-χ-ra
Abkhaz: á-ʒa-χ-ra	rel:etymology	Proto-West-Caucasian: *b́ʷV
Proto-West-Caucasian: *b́ʷV	rel:etymological_origin_of	Abaza: ʒa-χ-ra
Abaza: ʒa-χ-ra	rel:etymology	Proto-West-Caucasian: *b́ʷV
Proto-West-Caucasian: *b́ʷV	rel:etymological_origin_of	Adyghe: da-n
Adyghe: da-n	rel:etymology	Proto-West-Caucasian: *b́ʷV
Proto-West-Caucasian: *b́ʷV	rel:etymological_origin_of	Kabardian: da-n
Kabardian: da-n	rel:etymology	Proto-West-Caucasian: *b́ʷV
Proto-West-Caucasian: *b́ʷV	rel:etymological_origin_of	Ubykh: -dʷǝ-
Ubykh: -dʷǝ-	rel:etymology	Proto-West-Caucasian: *b́ʷV
Proto-West-Caucasian: *cA	rel:etymological_origin_of	Abkhaz: a-cá 
Abkhaz: a-cá 	rel:etymology	Proto-West-Caucasian: *cA
Proto-West-Caucasian: *cA	rel:etymological_origin_of	Adyghe: stǝ-n 
Adyghe: stǝ-n 	rel:etymology	Proto-West-Caucasian: *cA
Proto-West-Caucasian: *cA	rel:etymological_origin_of	Kabardian: sǝ-n 
Kabardian: sǝ-n 	rel:etymology	Proto-West-Caucasian: *cA
Proto-West-Caucasian: *cA	rel:etymological_origin_of	Ubykh: ca- 
Ubykh: ca- 	rel:etymology	Proto-West-Caucasian: *cA
Proto-West-Caucasian: *ća	rel:etymological_origin_of	Abkhaz: a-ca-rá
Abkhaz: a-ca-rá	rel:etymology	Proto-West-Caucasian: *ća
Proto-West-Caucasian: *ća	rel:etymological_origin_of	Abaza: ca-ra
Abaza: ca-ra	rel:etymology	Proto-West-Caucasian: *ća
Proto-West-Caucasian: *cǝ	rel:etymological_origin_of	Abkhaz: a-χʷǝ́-c
Abkhaz: a-χʷǝ́-c	rel:etymology	Proto-West-Caucasian: *cǝ
Proto-West-Caucasian: *cǝ	rel:etymological_origin_of	Abaza: qwǝ-c
Abaza: qwǝ-c	rel:etymology	Proto-West-Caucasian: *cǝ
Proto-West-Caucasian: *cǝ	rel:etymological_origin_of	Adyghe: cǝ
Adyghe: cǝ	rel:etymology	Proto-West-Caucasian: *cǝ
Proto-West-Caucasian: *cǝ	rel:etymological_origin_of	Kabardian: cǝ
Kabardian: cǝ	rel:etymology	Proto-West-Caucasian: *cǝ
Proto-West-Caucasian: [*-cǝ]	rel:etymological_origin_of	Abkhaz: -c
Abkhaz: -c	rel:etymology	Proto-West-Caucasian: [*-cǝ]
Proto-West-Caucasian: *ćǝ	rel:etymological_origin_of	Adyghe: c̣ǝ-fǝ 
Adyghe: c̣ǝ-fǝ 	rel:etymology	Proto-West-Caucasian: *ćǝ
Proto-West-Caucasian: *ćǝ	rel:etymological_origin_of	Kabardian: c̣ǝ-xʷ 
Kabardian: c̣ǝ-xʷ 	rel:etymology	Proto-West-Caucasian: *ćǝ
Proto-West-Caucasian: *ćǝ	rel:etymological_origin_of	Ubykh: ćǝ́ća 
Ubykh: ćǝ́ća 	rel:etymology	Proto-West-Caucasian: *ćǝ
Proto-West-Caucasian: [*-cǝ	rel:etymological_origin_of	Abkhaz: -c-
Abkhaz: -c-	rel:etymology	Proto-West-Caucasian: [*-cǝ
Proto-West-Caucasian: [*-cǝ	rel:etymological_origin_of	Abaza: -c-
Abaza: -c-	rel:etymology	Proto-West-Caucasian: [*-cǝ
Proto-West-Caucasian: *ćǝćǝ	rel:etymological_origin_of	Abkhaz: á-cc
Abkhaz: á-cc	rel:etymology	Proto-West-Caucasian: *ćǝćǝ
Proto-West-Caucasian: *ćǝxʷV	rel:etymological_origin_of	Abkhaz: a-cxʷa-rá 
Abkhaz: a-cxʷa-rá 	rel:etymology	Proto-West-Caucasian: *ćǝxʷV
Proto-West-Caucasian: *ćǝxʷV	rel:etymological_origin_of	Ubykh: ćxǝ 
Ubykh: ćxǝ 	rel:etymology	Proto-West-Caucasian: *ćǝxʷV
Proto-West-Caucasian: *c:A	rel:etymological_origin_of	Abkhaz: á-c 
Abkhaz: á-c 	rel:etymology	Proto-West-Caucasian: *c:A
Proto-West-Caucasian: *c:A	rel:etymological_origin_of	Abaza: pǝ-c 
Abaza: pǝ-c 	rel:etymology	Proto-West-Caucasian: *c:A
Proto-West-Caucasian: *c:A	rel:etymological_origin_of	Adyghe: ca 
Adyghe: ca 	rel:etymology	Proto-West-Caucasian: *c:A
Proto-West-Caucasian: *c:A	rel:etymological_origin_of	Kabardian: ʒa 
Kabardian: ʒa 	rel:etymology	Proto-West-Caucasian: *c:A
Proto-West-Caucasian: *c:A	rel:etymological_origin_of	Ubykh: ca-ḳ́ǝ́ 
Ubykh: ca-ḳ́ǝ́ 	rel:etymology	Proto-West-Caucasian: *c:A
Proto-West-Caucasian: *c:a	rel:etymological_origin_of	Adyghe: cafǝ
Adyghe: cafǝ	rel:etymology	Proto-West-Caucasian: *c:a
Proto-West-Caucasian: *c:a	rel:etymological_origin_of	Kabardian: ʒaxʷ
Kabardian: ʒaxʷ	rel:etymology	Proto-West-Caucasian: *c:a
Proto-West-Caucasian: *c:ac:a	rel:etymological_origin_of	Adyghe: cāca
Adyghe: cāca	rel:etymology	Proto-West-Caucasian: *c:ac:a
Proto-West-Caucasian: *c:ac:a	rel:etymological_origin_of	Kabardian: ʒāsa
Kabardian: ʒāsa	rel:etymology	Proto-West-Caucasian: *c:ac:a
Proto-West-Caucasian: *c:ac:a	rel:etymological_origin_of	Ubykh: caca
Ubykh: caca	rel:etymology	Proto-West-Caucasian: *c:ac:a
Proto-West-Caucasian: *ć:ǝ	rel:etymological_origin_of	Abkhaz: a-χǝ́-c 
Abkhaz: a-χǝ́-c 	rel:etymology	Proto-West-Caucasian: *ć:ǝ
Proto-West-Caucasian: *ć:ǝ	rel:etymological_origin_of	Abaza: χri-χǝc 
Abaza: χri-χǝc 	rel:etymology	Proto-West-Caucasian: *ć:ǝ
Proto-West-Caucasian: *ć:ǝ	rel:etymological_origin_of	Ubykh: wǝ-ć(ǝ)-
Ubykh: wǝ-ć(ǝ)-	rel:etymology	Proto-West-Caucasian: *ć:ǝ
Proto-West-Caucasian: *ć:ǝ	rel:etymological_origin_of	Abkhaz: á-ʒǝn 
Abkhaz: á-ʒǝn 	rel:etymology	Proto-West-Caucasian: *ć:ǝ
Proto-West-Caucasian: *ć:ǝ	rel:etymological_origin_of	Abaza: ʒnǝ 
Abaza: ʒnǝ 	rel:etymology	Proto-West-Caucasian: *ć:ǝ
Proto-West-Caucasian: *c:ǝɣ(ʷ)V	rel:etymological_origin_of	Abkhaz: a-cǝ́ʁ
Abkhaz: a-cǝ́ʁ	rel:etymology	Proto-West-Caucasian: *c:ǝɣ(ʷ)V
Proto-West-Caucasian: *c:ǝɣ(ʷ)V	rel:etymological_origin_of	Abaza: c̣ǝʁ
Abaza: c̣ǝʁ	rel:etymology	Proto-West-Caucasian: *c:ǝɣ(ʷ)V
Proto-West-Caucasian: *c:ǝɣ(ʷ)V	rel:etymological_origin_of	Adyghe: cǝʁʷa
Adyghe: cǝʁʷa	rel:etymology	Proto-West-Caucasian: *c:ǝɣ(ʷ)V
Proto-West-Caucasian: *c:ǝɣ(ʷ)V	rel:etymological_origin_of	Kabardian: ʒǝʁʷa
Kabardian: ʒǝʁʷa	rel:etymology	Proto-West-Caucasian: *c:ǝɣ(ʷ)V
Proto-West-Caucasian: *ć:ǝwV	rel:etymological_origin_of	Abkhaz: á-cu-ta
Abkhaz: á-cu-ta	rel:etymology	Proto-West-Caucasian: *ć:ǝwV
Proto-West-Caucasian: *ć:ǝwV	rel:etymological_origin_of	Ubykh: cʷǝjá
Ubykh: cʷǝjá	rel:etymology	Proto-West-Caucasian: *ć:ǝwV
Proto-West-Caucasian: *ć:VʒV	rel:etymological_origin_of	Abkhaz: a-pš-ʒá 
Abkhaz: a-pš-ʒá 	rel:etymology	Proto-West-Caucasian: *ć:VʒV
Proto-West-Caucasian: *ć:VʒV	rel:etymological_origin_of	Abaza: ʒǝʒǝ-c 
Abaza: ʒǝʒǝ-c 	rel:etymology	Proto-West-Caucasian: *ć:VʒV
Proto-West-Caucasian: *ć:VʒV	rel:etymological_origin_of	Adyghe: cǝza 
Adyghe: cǝza 	rel:etymology	Proto-West-Caucasian: *ć:VʒV
Proto-West-Caucasian: *ć:VʒV	rel:etymological_origin_of	Kabardian: ʒǝʒa 
Kabardian: ʒǝʒa 	rel:etymology	Proto-West-Caucasian: *ć:VʒV
Proto-West-Caucasian: *ć:VʒV	rel:etymological_origin_of	Ubykh: ćaca 
Ubykh: ćaca 	rel:etymology	Proto-West-Caucasian: *ć:VʒV
Proto-West-Caucasian: *c:ʷa	rel:etymological_origin_of	Abkhaz: a-č̌á-ž̌a-ra
Abkhaz: a-č̌á-ž̌a-ra	rel:etymology	Proto-West-Caucasian: *c:ʷa
Proto-West-Caucasian: *c:ʷa	rel:etymological_origin_of	Abaza: čʷa-žʷa-ra
Abaza: čʷa-žʷa-ra	rel:etymology	Proto-West-Caucasian: *c:ʷa
Proto-West-Caucasian: *c:ʷa	rel:etymological_origin_of	Abkhaz: á-č̌-matʷa 
Abkhaz: á-č̌-matʷa 	rel:etymology	Proto-West-Caucasian: *c:ʷa
Proto-West-Caucasian: *c:ʷa	rel:etymological_origin_of	Abaza: čʷa-ʁʷa-ra 
Abaza: čʷa-ʁʷa-ra 	rel:etymology	Proto-West-Caucasian: *c:ʷa
Proto-West-Caucasian: *c:ʷa	rel:etymological_origin_of	Adyghe: cʷā-bza 
Adyghe: cʷā-bza 	rel:etymology	Proto-West-Caucasian: *c:ʷa
Proto-West-Caucasian: *c:ʷa	rel:etymological_origin_of	Kabardian: vā-bʒa 
Kabardian: vā-bʒa 	rel:etymology	Proto-West-Caucasian: *c:ʷa
Proto-West-Caucasian: *c:ʷa	rel:etymological_origin_of	Ubykh: cʷā-bźá 
Ubykh: cʷā-bźá 	rel:etymology	Proto-West-Caucasian: *c:ʷa
Proto-West-Caucasian: *c:ʷa	rel:etymological_origin_of	Abkhaz: a-ž́čá 
Abkhaz: a-ž́čá 	rel:etymology	Proto-West-Caucasian: *c:ʷa
Proto-West-Caucasian: *c:ʷa	rel:etymological_origin_of	Ubykh: cʷá-šχ- 
Ubykh: cʷá-šχ- 	rel:etymology	Proto-West-Caucasian: *c:ʷa
Proto-West-Caucasian: *c:ʷapa	rel:etymological_origin_of	Ubykh: cʷāpá
Ubykh: cʷāpá	rel:etymology	Proto-West-Caucasian: *c:ʷapa
Proto-West-Caucasian: *c:ʷǝ	rel:etymological_origin_of	Abkhaz: á-ć̌
Abkhaz: á-ć̌	rel:etymology	Proto-West-Caucasian: *c:ʷǝ
Proto-West-Caucasian: *c:ʷǝ	rel:etymological_origin_of	Abaza: čʷǝ
Abaza: čʷǝ	rel:etymology	Proto-West-Caucasian: *c:ʷǝ
Proto-West-Caucasian: *c:ʷǝ	rel:etymological_origin_of	Adyghe: cʷǝ
Adyghe: cʷǝ	rel:etymology	Proto-West-Caucasian: *c:ʷǝ
Proto-West-Caucasian: *c:ʷǝ	rel:etymological_origin_of	Kabardian: vǝ
Kabardian: vǝ	rel:etymology	Proto-West-Caucasian: *c:ʷǝ
Proto-West-Caucasian: *c:ʷǝ	rel:etymological_origin_of	Ubykh: cʷǝ
Ubykh: cʷǝ	rel:etymology	Proto-West-Caucasian: *c:ʷǝ
Proto-West-Caucasian: *c:ʷǝ	rel:etymological_origin_of	Abkhaz: a-č̌-rá
Abkhaz: a-č̌-rá	rel:etymology	Proto-West-Caucasian: *c:ʷǝ
Proto-West-Caucasian: *c:ʷǝ	rel:etymological_origin_of	Abaza: čʷ-ra
Abaza: čʷ-ra	rel:etymology	Proto-West-Caucasian: *c:ʷǝ
Proto-West-Caucasian: *cʷa	rel:etymological_origin_of	Abkhaz: a-č̌á 
Abkhaz: a-č̌á 	rel:etymology	Proto-West-Caucasian: *cʷa
Proto-West-Caucasian: *cʷa	rel:etymological_origin_of	Abaza: čʷa 
Abaza: čʷa 	rel:etymology	Proto-West-Caucasian: *cʷa
Proto-West-Caucasian: *cʷa	rel:etymological_origin_of	Adyghe: ša 
Adyghe: ša 	rel:etymology	Proto-West-Caucasian: *cʷa
Proto-West-Caucasian: *cʷa	rel:etymological_origin_of	Kabardian: fa 
Kabardian: fa 	rel:etymology	Proto-West-Caucasian: *cʷa
Proto-West-Caucasian: *cʷa	rel:etymological_origin_of	Ubykh: cʷa 
Ubykh: cʷa 	rel:etymology	Proto-West-Caucasian: *cʷa
Proto-West-Caucasian: [*-cʷa	rel:etymological_origin_of	Abkhaz: -cʷa
Abkhaz: -cʷa	rel:etymology	Proto-West-Caucasian: [*-cʷa
Proto-West-Caucasian: [*-cʷa	rel:etymological_origin_of	Abaza: -čʷa
Abaza: -čʷa	rel:etymology	Proto-West-Caucasian: [*-cʷa
Proto-West-Caucasian: *ča	rel:etymological_origin_of	Abkhaz: á-ca
Abkhaz: á-ca	rel:etymology	Proto-West-Caucasian: *ča
Proto-West-Caucasian: *ča	rel:etymological_origin_of	Abaza: cara
Abaza: cara	rel:etymology	Proto-West-Caucasian: *ča
Proto-West-Caucasian: *č́adǝ	rel:etymological_origin_of	Adyghe: š́ǝdǝ-bž́ǝ
Adyghe: š́ǝdǝ-bž́ǝ	rel:etymology	Proto-West-Caucasian: *č́adǝ
Proto-West-Caucasian: *č́adǝ	rel:etymological_origin_of	Kabardian: šadǝ-bź
Kabardian: šadǝ-bź	rel:etymology	Proto-West-Caucasian: *č́adǝ
Proto-West-Caucasian: *ča(n)čǝš́ǝ	rel:etymological_origin_of	Abkhaz: ajnč̌ǝ́š
Abkhaz: ajnč̌ǝ́š	rel:etymology	Proto-West-Caucasian: *ča(n)čǝš́ǝ
Proto-West-Caucasian: *ča(n)čǝš́ǝ	rel:etymological_origin_of	Abaza: arcǝš
Abaza: arcǝš	rel:etymology	Proto-West-Caucasian: *ča(n)čǝš́ǝ
Proto-West-Caucasian: *ča(n)čǝš́ǝ	rel:etymological_origin_of	Ubykh: ca(n)cǝ́š́
Ubykh: ca(n)cǝ́š́	rel:etymology	Proto-West-Caucasian: *ča(n)čǝš́ǝ
Proto-West-Caucasian: *čanǝ	rel:etymological_origin_of	Ubykh: canǝ́
Ubykh: canǝ́	rel:etymology	Proto-West-Caucasian: *čanǝ
Proto-West-Caucasian: *č́ǝ	rel:etymological_origin_of	Abkhaz: á-č́-rǝgʷ 
Abkhaz: á-č́-rǝgʷ 	rel:etymology	Proto-West-Caucasian: *č́ǝ
Proto-West-Caucasian: *č́ǝ	rel:etymological_origin_of	Abaza: č́ǝ 
Abaza: č́ǝ 	rel:etymology	Proto-West-Caucasian: *č́ǝ
Proto-West-Caucasian: *č́ǝ	rel:etymological_origin_of	Ubykh: č́a 
Ubykh: č́a 	rel:etymology	Proto-West-Caucasian: *č́ǝ
Proto-West-Caucasian: *č́ǝ-	rel:etymological_origin_of	Ubykh: č́(ǝ)-
Ubykh: č́(ǝ)-	rel:etymology	Proto-West-Caucasian: *č́ǝ-
Proto-West-Caucasian: [*-č́ǝ	rel:etymological_origin_of	Adyghe: -š́
Adyghe: -š́	rel:etymology	Proto-West-Caucasian: [*-č́ǝ
Proto-West-Caucasian: *č́ǝga	rel:etymological_origin_of	Abkhaz: a-č́ga-rá
Abkhaz: a-č́ga-rá	rel:etymology	Proto-West-Caucasian: *č́ǝga
Proto-West-Caucasian: *č́ǝga	rel:etymological_origin_of	Abaza: č́ga-ra
Abaza: č́ga-ra	rel:etymology	Proto-West-Caucasian: *č́ǝga
Proto-West-Caucasian: *č(ǝ)q̇a	rel:etymological_origin_of	Adyghe: šḳa
Adyghe: šḳa	rel:etymology	Proto-West-Caucasian: *č(ǝ)q̇a
Proto-West-Caucasian: *č(ǝ)q̇a	rel:etymological_origin_of	Kabardian: šč̣a
Kabardian: šč̣a	rel:etymology	Proto-West-Caucasian: *č(ǝ)q̇a
Proto-West-Caucasian: *č́ǝxʷǝ	rel:etymological_origin_of	Abkhaz: a-č́χʷ-rá 
Abkhaz: a-č́χʷ-rá 	rel:etymology	Proto-West-Caucasian: *č́ǝxʷǝ
Proto-West-Caucasian: *č́ǝxʷǝ	rel:etymological_origin_of	Adyghe: q:e-š́xǝ-n 
Adyghe: q:e-š́xǝ-n 	rel:etymology	Proto-West-Caucasian: *č́ǝxʷǝ
Proto-West-Caucasian: *č́ǝxʷǝ	rel:etymological_origin_of	Kabardian: q:e-šxǝ-n 
Kabardian: q:e-šxǝ-n 	rel:etymology	Proto-West-Caucasian: *č́ǝxʷǝ
Proto-West-Caucasian: *č́ǝxʷǝ	rel:etymological_origin_of	Ubykh: tʷá-š́x 
Ubykh: tʷá-š́x 	rel:etymology	Proto-West-Caucasian: *č́ǝxʷǝ
Proto-West-Caucasian: *č:́ǝɣ́a	rel:etymological_origin_of	Adyghe: č́ǝž́a
Adyghe: č́ǝž́a	rel:etymology	Proto-West-Caucasian: *č:́ǝɣ́a
Proto-West-Caucasian: *č:́ǝɣ́a	rel:etymological_origin_of	Kabardian: žǝźa
Kabardian: žǝźa	rel:etymology	Proto-West-Caucasian: *č:́ǝɣ́a
Proto-West-Caucasian: *č́:ʷa	rel:etymological_origin_of	Adyghe: ča-n 
Adyghe: ča-n 	rel:etymology	Proto-West-Caucasian: *č́:ʷa
Proto-West-Caucasian: *č́:ʷa	rel:etymological_origin_of	Kabardian: ža-n 
Kabardian: ža-n 	rel:etymology	Proto-West-Caucasian: *č́:ʷa
Proto-West-Caucasian: *č́:ʷa	rel:etymological_origin_of	Ubykh: ḳ́á-č́a- 
Ubykh: ḳ́á-č́a- 	rel:etymology	Proto-West-Caucasian: *č́:ʷa
Proto-West-Caucasian: *č:ʷa-nǝ	rel:etymological_origin_of	Adyghe: č́ān 
Adyghe: č́ān 	rel:etymology	Proto-West-Caucasian: *č:ʷa-nǝ
Proto-West-Caucasian: *č:ʷa-nǝ	rel:etymological_origin_of	Kabardian: žān 
Kabardian: žān 	rel:etymology	Proto-West-Caucasian: *č:ʷa-nǝ
Proto-West-Caucasian: *č:ʷa-nǝ	rel:etymological_origin_of	Ubykh: čan- 
Ubykh: čan- 	rel:etymology	Proto-West-Caucasian: *č:ʷa-nǝ
Proto-West-Caucasian: *č:ʷarǝdʷV	rel:etymological_origin_of	Abkhaz: á-ž̌ardʷǝna
Abkhaz: á-ž̌ardʷǝna	rel:etymology	Proto-West-Caucasian: *č:ʷarǝdʷV
Proto-West-Caucasian: *č:ʷarǝdʷV	rel:etymological_origin_of	Adyghe: pč́andaχʷ
Adyghe: pč́andaχʷ	rel:etymology	Proto-West-Caucasian: *č:ʷarǝdʷV
Proto-West-Caucasian: *č:ʷarǝdʷV	rel:etymological_origin_of	Kabardian: bžandaχʷ
Kabardian: bžandaχʷ	rel:etymology	Proto-West-Caucasian: *č:ʷarǝdʷV
Proto-West-Caucasian: *č:́ʷǝ	rel:etymological_origin_of	Adyghe: čǝ-ɣǝ
Adyghe: čǝ-ɣǝ	rel:etymology	Proto-West-Caucasian: *č:́ʷǝ
Proto-West-Caucasian: *č:́ʷǝ	rel:etymological_origin_of	Kabardian: žǝ-ɣ
Kabardian: žǝ-ɣ	rel:etymology	Proto-West-Caucasian: *č:́ʷǝ
Proto-West-Caucasian: *č́Vpa	rel:etymological_origin_of	Abkhaz: á-č́apa-ra
Abkhaz: á-č́apa-ra	rel:etymology	Proto-West-Caucasian: *č́Vpa
Proto-West-Caucasian: *č́Vpa	rel:etymological_origin_of	Abaza: č́pa-ra
Abaza: č́pa-ra	rel:etymology	Proto-West-Caucasian: *č́Vpa
Proto-West-Caucasian: *č́ʷa	rel:etymological_origin_of	Abkhaz: a-čá 
Abkhaz: a-čá 	rel:etymology	Proto-West-Caucasian: *č́ʷa
Proto-West-Caucasian: *č́ʷa	rel:etymological_origin_of	Ubykh: žʷa 
Ubykh: žʷa 	rel:etymology	Proto-West-Caucasian: *č́ʷa
Proto-West-Caucasian: *č́(ʷ)aq̇ʷV	rel:etymological_origin_of	Abkhaz: a-č́aq̇ʷá 
Abkhaz: a-č́aq̇ʷá 	rel:etymology	Proto-West-Caucasian: *č́(ʷ)aq̇ʷV
Proto-West-Caucasian: *č́(ʷ)aq̇ʷV	rel:etymological_origin_of	Ubykh: čaq̇ʷǝ́ 
Ubykh: čaq̇ʷǝ́ 	rel:etymology	Proto-West-Caucasian: *č́(ʷ)aq̇ʷV
Proto-West-Caucasian: *č́ʷǝ	rel:etymological_origin_of	Abkhaz: a-čǝ́
Abkhaz: a-čǝ́	rel:etymology	Proto-West-Caucasian: *č́ʷǝ
Proto-West-Caucasian: *č́ʷǝ	rel:etymological_origin_of	Abaza: čǝ
Abaza: čǝ	rel:etymology	Proto-West-Caucasian: *č́ʷǝ
Proto-West-Caucasian: *č́ʷǝ	rel:etymological_origin_of	Adyghe: šǝ
Adyghe: šǝ	rel:etymology	Proto-West-Caucasian: *č́ʷǝ
Proto-West-Caucasian: *č́ʷǝ	rel:etymological_origin_of	Kabardian: šǝ
Kabardian: šǝ	rel:etymology	Proto-West-Caucasian: *č́ʷǝ
Proto-West-Caucasian: *č́ʷǝ	rel:etymological_origin_of	Ubykh: č́ǝ
Ubykh: č́ǝ	rel:etymology	Proto-West-Caucasian: *č́ʷǝ
Proto-West-Caucasian: *čʷǝ	rel:etymological_origin_of	Abkhaz: č(ǝ)-
Abkhaz: č(ǝ)-	rel:etymology	Proto-West-Caucasian: *čʷǝ
Proto-West-Caucasian: *čʷǝ	rel:etymological_origin_of	Abaza: č(ǝ)-
Abaza: č(ǝ)-	rel:etymology	Proto-West-Caucasian: *čʷǝ
Proto-West-Caucasian: *č́ʷǝ	rel:etymological_origin_of	Adyghe: šǝ
Adyghe: šǝ	rel:etymology	Proto-West-Caucasian: *č́ʷǝ
Proto-West-Caucasian: *č́ʷǝ	rel:etymological_origin_of	Kabardian: q:ʷa-š
Kabardian: q:ʷa-š	rel:etymology	Proto-West-Caucasian: *č́ʷǝ
Proto-West-Caucasian: *č́ʷǝ	rel:etymological_origin_of	Ubykh: ǯ́ǝ-ʎá
Ubykh: ǯ́ǝ-ʎá	rel:etymology	Proto-West-Caucasian: *č́ʷǝ
Proto-West-Caucasian: *čʷǝχʷa	rel:etymological_origin_of	Adyghe: -šxʷa 
Adyghe: -šxʷa 	rel:etymology	Proto-West-Caucasian: *čʷǝχʷa
Proto-West-Caucasian: *čʷǝχʷa	rel:etymological_origin_of	Kabardian: -šxʷa 
Kabardian: -šxʷa 	rel:etymology	Proto-West-Caucasian: *čʷǝχʷa
Proto-West-Caucasian: *čʷǝχʷa	rel:etymological_origin_of	Ubykh: šχʷa 
Ubykh: šχʷa 	rel:etymology	Proto-West-Caucasian: *čʷǝχʷa
Proto-West-Caucasian: *čʷV	rel:etymological_origin_of	Adyghe: š́a-n
Adyghe: š́a-n	rel:etymology	Proto-West-Caucasian: *čʷV
Proto-West-Caucasian: *čʷV	rel:etymological_origin_of	Kabardian: ša-n
Kabardian: ša-n	rel:etymology	Proto-West-Caucasian: *čʷV
Proto-West-Caucasian: *ć̣A	rel:etymological_origin_of	Abkhaz: a-c̣á 
Abkhaz: a-c̣á 	rel:etymology	Proto-West-Caucasian: *ć̣A
Proto-West-Caucasian: *ć̣A	rel:etymological_origin_of	Abaza: c̣a 
Abaza: c̣a 	rel:etymology	Proto-West-Caucasian: *ć̣A
Proto-West-Caucasian: *ć̣A	rel:etymological_origin_of	Adyghe: c̣a 
Adyghe: c̣a 	rel:etymology	Proto-West-Caucasian: *ć̣A
Proto-West-Caucasian: *ć̣A	rel:etymological_origin_of	Kabardian: c̣a 
Kabardian: c̣a 	rel:etymology	Proto-West-Caucasian: *ć̣A
Proto-West-Caucasian: *ć̣A	rel:etymological_origin_of	Ubykh: ṭa-ć̣ 
Ubykh: ṭa-ć̣ 	rel:etymology	Proto-West-Caucasian: *ć̣A
Proto-West-Caucasian: *ć̣A	rel:etymological_origin_of	Abkhaz: a-č̣ǝ́-c 
Abkhaz: a-č̣ǝ́-c 	rel:etymology	Proto-West-Caucasian: *ć̣A
Proto-West-Caucasian: *ć̣A	rel:etymological_origin_of	Abaza: č̣ǝ-c 
Abaza: č̣ǝ-c 	rel:etymology	Proto-West-Caucasian: *ć̣A
Proto-West-Caucasian: *ć̣A	rel:etymological_origin_of	Adyghe: c̣ǝ-ḳʷǝ 
Adyghe: c̣ǝ-ḳʷǝ 	rel:etymology	Proto-West-Caucasian: *ć̣A
Proto-West-Caucasian: *ć̣A	rel:etymological_origin_of	Kabardian: c̣ǝ-ḳʷ 
Kabardian: c̣ǝ-ḳʷ 	rel:etymology	Proto-West-Caucasian: *ć̣A
Proto-West-Caucasian: *ć̣A	rel:etymological_origin_of	Ubykh: ć̣a 
Ubykh: ć̣a 	rel:etymology	Proto-West-Caucasian: *ć̣A
Proto-West-Caucasian: *ć̣aḳa	rel:etymological_origin_of	Abkhaz: a-ḳac̣á 
Abkhaz: a-ḳac̣á 	rel:etymology	Proto-West-Caucasian: *ć̣aḳa
Proto-West-Caucasian: *ć̣aḳa	rel:etymological_origin_of	Abaza: ḳac̣a 
Abaza: ḳac̣a 	rel:etymology	Proto-West-Caucasian: *ć̣aḳa
Proto-West-Caucasian: *ć̣aḳa	rel:etymological_origin_of	Adyghe: c̣āč̣́a 
Adyghe: c̣āč̣́a 	rel:etymology	Proto-West-Caucasian: *ć̣aḳa
Proto-West-Caucasian: *ć̣aḳa	rel:etymological_origin_of	Kabardian: c̣ač̣a 
Kabardian: c̣ač̣a 	rel:etymology	Proto-West-Caucasian: *ć̣aḳa
Proto-West-Caucasian: *ć̣ǝ	rel:etymological_origin_of	Abkhaz: a-c̣ǝ́-s
Abkhaz: a-c̣ǝ́-s	rel:etymology	Proto-West-Caucasian: *ć̣ǝ
Proto-West-Caucasian: *ć̣ǝ	rel:etymological_origin_of	Abaza: c̣i-s
Abaza: c̣i-s	rel:etymology	Proto-West-Caucasian: *ć̣ǝ
Proto-West-Caucasian: *c̣ǝ-	rel:etymological_origin_of	Abkhaz: a-c̣ā́
Abkhaz: a-c̣ā́	rel:etymology	Proto-West-Caucasian: *c̣ǝ-
Proto-West-Caucasian: *c̣ǝ-	rel:etymological_origin_of	Abaza: cħa-šʷǝ
Abaza: cħa-šʷǝ	rel:etymology	Proto-West-Caucasian: *c̣ǝ-
Proto-West-Caucasian: *ć̣ǝ	rel:etymological_origin_of	Abkhaz: a-c̣ā́
Abkhaz: a-c̣ā́	rel:etymology	Proto-West-Caucasian: *ć̣ǝ
Proto-West-Caucasian: *ć̣ǝ	rel:etymological_origin_of	Abaza: c̣ʕa
Abaza: c̣ʕa	rel:etymology	Proto-West-Caucasian: *ć̣ǝ
Proto-West-Caucasian: *ć̣ǝ	rel:etymological_origin_of	Ubykh: dǝ́má-ć̣
Ubykh: dǝ́má-ć̣	rel:etymology	Proto-West-Caucasian: *ć̣ǝ
Proto-West-Caucasian: *[ć̣]ǝʁa-	rel:etymological_origin_of	Abkhaz: a-c̣ā-rá
Abkhaz: a-c̣ā-rá	rel:etymology	Proto-West-Caucasian: *[ć̣]ǝʁa-
Proto-West-Caucasian: *[ć̣]ǝʁa-	rel:etymological_origin_of	Abaza: c̣ʕa-ra
Abaza: c̣ʕa-ra	rel:etymology	Proto-West-Caucasian: *[ć̣]ǝʁa-
Proto-West-Caucasian: *[ć̣]ǝʁa-	rel:etymological_origin_of	Ubykh: ʒʁa-
Ubykh: ʒʁa-	rel:etymology	Proto-West-Caucasian: *[ć̣]ǝʁa-
Proto-West-Caucasian: *c̣ǝla	rel:etymological_origin_of	Abkhaz: á-c̣la
Abkhaz: á-c̣la	rel:etymology	Proto-West-Caucasian: *c̣ǝla
Proto-West-Caucasian: *c̣ǝla	rel:etymological_origin_of	Abaza: c̣la
Abaza: c̣la	rel:etymology	Proto-West-Caucasian: *c̣ǝla
Proto-West-Caucasian: *ć̣ǝ(nǝ)ḱa	rel:etymological_origin_of	Abkhaz: a-ḳanc̣ǝc̣ǝ́ra
Abkhaz: a-ḳanc̣ǝc̣ǝ́ra	rel:etymology	Proto-West-Caucasian: *ć̣ǝ(nǝ)ḱa
Proto-West-Caucasian: *ć̣ǝ(nǝ)ḱa	rel:etymological_origin_of	Abaza: c̣ǝnḳ́ra
Abaza: c̣ǝnḳ́ra	rel:etymology	Proto-West-Caucasian: *ć̣ǝ(nǝ)ḱa
Proto-West-Caucasian: *ć̣ǝ(nǝ)ḱa	rel:etymological_origin_of	Adyghe: q:am-c̣ǝč́
Adyghe: q:am-c̣ǝč́	rel:etymology	Proto-West-Caucasian: *ć̣ǝ(nǝ)ḱa
Proto-West-Caucasian: *ć̣ǝ(nǝ)ḱa	rel:etymological_origin_of	Kabardian: ħam-c̣ǝrāč̣a
Kabardian: ħam-c̣ǝrāč̣a	rel:etymology	Proto-West-Caucasian: *ć̣ǝ(nǝ)ḱa
Proto-West-Caucasian: *c̣ǝq:ʷa	rel:etymological_origin_of	Abkhaz: a-c̣ǝ́χwa
Abkhaz: a-c̣ǝ́χwa	rel:etymology	Proto-West-Caucasian: *c̣ǝq:ʷa
Proto-West-Caucasian: *c̣ǝq:ʷa	rel:etymological_origin_of	Abaza: c̣ǝqwa
Abaza: c̣ǝqwa	rel:etymology	Proto-West-Caucasian: *c̣ǝq:ʷa
Proto-West-Caucasian: *c̣ǝrʁǝ	rel:etymological_origin_of	Adyghe: c̣ǝrʁǝ (Shaps.)
Adyghe: c̣ǝrʁǝ (Shaps.)	rel:etymology	Proto-West-Caucasian: *c̣ǝrʁǝ
Proto-West-Caucasian: *c̣ǝsǝ	rel:etymological_origin_of	Abkhaz: a-c̣ǝs-rá
Abkhaz: a-c̣ǝs-rá	rel:etymology	Proto-West-Caucasian: *c̣ǝsǝ
Proto-West-Caucasian: *c̣ǝsǝ	rel:etymological_origin_of	Abaza: c̣s-ra
Abaza: c̣s-ra	rel:etymology	Proto-West-Caucasian: *c̣ǝsǝ
Proto-West-Caucasian: *c̣ǝsǝ	rel:etymological_origin_of	Adyghe: sǝsǝ-n
Adyghe: sǝsǝ-n	rel:etymology	Proto-West-Caucasian: *c̣ǝsǝ
Proto-West-Caucasian: *c̣ǝsǝ	rel:etymological_origin_of	Kabardian: sǝsǝ-n
Kabardian: sǝsǝ-n	rel:etymology	Proto-West-Caucasian: *c̣ǝsǝ
Proto-West-Caucasian: *ć̣ǝʒʷǝ	rel:etymological_origin_of	Abkhaz: a-c̣ǝ́ʒ 
Abkhaz: a-c̣ǝ́ʒ 	rel:etymology	Proto-West-Caucasian: *ć̣ǝʒʷǝ
Proto-West-Caucasian: *ć̣ǝʒʷǝ	rel:etymological_origin_of	Abaza: c̣ǝʒ 
Abaza: c̣ǝʒ 	rel:etymology	Proto-West-Caucasian: *ć̣ǝʒʷǝ
Proto-West-Caucasian: *ć̣ǝʒʷǝ	rel:etymological_origin_of	Adyghe: c̣ǝžǝ 
Adyghe: c̣ǝžǝ 	rel:etymology	Proto-West-Caucasian: *ć̣ǝʒʷǝ
Proto-West-Caucasian: *ć̣ǝʒʷǝ	rel:etymological_origin_of	Kabardian: c̣ǝv 
Kabardian: c̣ǝv 	rel:etymology	Proto-West-Caucasian: *ć̣ǝʒʷǝ
Proto-West-Caucasian: *ć̣V-	rel:etymological_origin_of	Abkhaz: a-c̣a-rá 
Abkhaz: a-c̣a-rá 	rel:etymology	Proto-West-Caucasian: *ć̣V-
Proto-West-Caucasian: *ć̣V-	rel:etymological_origin_of	Adyghe: ṣ́a-n 
Adyghe: ṣ́a-n 	rel:etymology	Proto-West-Caucasian: *ć̣V-
Proto-West-Caucasian: *ć̣V-	rel:etymological_origin_of	Kabardian: ṣ́a-n 
Kabardian: ṣ́a-n 	rel:etymology	Proto-West-Caucasian: *ć̣V-
Proto-West-Caucasian: *ć̣V-	rel:etymological_origin_of	Ubykh: ć̣a- 
Ubykh: ć̣a- 	rel:etymology	Proto-West-Caucasian: *ć̣V-
Proto-West-Caucasian: *c̣V	rel:etymological_origin_of	Abkhaz: a-c̣a-rá
Abkhaz: a-c̣a-rá	rel:etymology	Proto-West-Caucasian: *c̣V
Proto-West-Caucasian: *c̣V	rel:etymological_origin_of	Abaza: c̣a-ra
Abaza: c̣a-ra	rel:etymology	Proto-West-Caucasian: *c̣V
Proto-West-Caucasian: *c̣V	rel:etymological_origin_of	Adyghe: č̣́a-c̣ǝ-n
Adyghe: č̣́a-c̣ǝ-n	rel:etymology	Proto-West-Caucasian: *c̣V
Proto-West-Caucasian: *c̣V	rel:etymological_origin_of	Kabardian: č̣a-c̣ǝ-n
Kabardian: č̣a-c̣ǝ-n	rel:etymology	Proto-West-Caucasian: *c̣V
Proto-West-Caucasian: *c̣V(jǝ)ḳʷa	rel:etymological_origin_of	Abkhaz: á-ḳʷic 
Abkhaz: á-ḳʷic 	rel:etymology	Proto-West-Caucasian: *c̣V(jǝ)ḳʷa
Proto-West-Caucasian: *c̣V(jǝ)ḳʷa	rel:etymological_origin_of	Abaza: č̣ʷec 
Abaza: č̣ʷec 	rel:etymology	Proto-West-Caucasian: *c̣V(jǝ)ḳʷa
Proto-West-Caucasian: *c̣V(jǝ)ḳʷa	rel:etymological_origin_of	Adyghe: pχa-c̣āč̣́a 
Adyghe: pχa-c̣āč̣́a 	rel:etymology	Proto-West-Caucasian: *c̣V(jǝ)ḳʷa
Proto-West-Caucasian: *c̣V(jǝ)ḳʷa	rel:etymological_origin_of	Kabardian: pχa-ʒāč̣a 
Kabardian: pχa-ʒāč̣a 	rel:etymology	Proto-West-Caucasian: *c̣V(jǝ)ḳʷa
Proto-West-Caucasian: *c̣ʷa	rel:etymological_origin_of	Abkhaz: á-jkʷa-č̣̌a
Abkhaz: á-jkʷa-č̣̌a	rel:etymology	Proto-West-Caucasian: *c̣ʷa
Proto-West-Caucasian: *c̣ʷa	rel:etymological_origin_of	Abaza: kʷa-jč̣ʷa
Abaza: kʷa-jč̣ʷa	rel:etymology	Proto-West-Caucasian: *c̣ʷa
Proto-West-Caucasian: *c̣ʷa	rel:etymological_origin_of	Adyghe: s.́̌ǝ-c̣a
Adyghe: s.́̌ǝ-c̣a	rel:etymology	Proto-West-Caucasian: *c̣ʷa
Proto-West-Caucasian: *c̣ʷa	rel:etymological_origin_of	Kabardian: f̣ǝ-c̣a
Kabardian: f̣ǝ-c̣a	rel:etymology	Proto-West-Caucasian: *c̣ʷa
Proto-West-Caucasian: *c̣ʷa	rel:etymological_origin_of	Ubykh: ǯ́a
Ubykh: ǯ́a	rel:etymology	Proto-West-Caucasian: *c̣ʷa
Proto-West-Caucasian: *c̣ʷA	rel:etymological_origin_of	Abkhaz: a-gʷa-č̣̌á
Abkhaz: a-gʷa-č̣̌á	rel:etymology	Proto-West-Caucasian: *c̣ʷA
Proto-West-Caucasian: *c̣ʷA	rel:etymological_origin_of	Abaza: č̣ʷa
Abaza: č̣ʷa	rel:etymology	Proto-West-Caucasian: *c̣ʷA
Proto-West-Caucasian: *c̣ʷA	rel:etymological_origin_of	Adyghe: ṣ́ʷǝ
Adyghe: ṣ́ʷǝ	rel:etymology	Proto-West-Caucasian: *c̣ʷA
Proto-West-Caucasian: *c̣ʷA	rel:etymological_origin_of	Ubykh: ǵǝ-cʷá-bIa
Ubykh: ǵǝ-cʷá-bIa	rel:etymology	Proto-West-Caucasian: *c̣ʷA
Proto-West-Caucasian: *c̣ʷa	rel:etymological_origin_of	Abkhaz: a-č̣̌á
Abkhaz: a-č̣̌á	rel:etymology	Proto-West-Caucasian: *c̣ʷa
Proto-West-Caucasian: *c̣ʷa	rel:etymological_origin_of	Abaza: č̣ʷa
Abaza: č̣ʷa	rel:etymology	Proto-West-Caucasian: *c̣ʷa
Proto-West-Caucasian: *c̣ʷa	rel:etymological_origin_of	Abkhaz: á-ječ̣̌a 
Abkhaz: á-ječ̣̌a 	rel:etymology	Proto-West-Caucasian: *c̣ʷa
Proto-West-Caucasian: *c̣ʷa	rel:etymological_origin_of	Abaza: jač̣ʷa 
Abaza: jač̣ʷa 	rel:etymology	Proto-West-Caucasian: *c̣ʷa
Proto-West-Caucasian: *c̣ʷa	rel:etymological_origin_of	Adyghe: wā-ša 
Adyghe: wā-ša 	rel:etymology	Proto-West-Caucasian: *c̣ʷa
Proto-West-Caucasian: *c̣ʷa	rel:etymological_origin_of	Kabardian: wā-fa 
Kabardian: wā-fa 	rel:etymology	Proto-West-Caucasian: *c̣ʷa
Proto-West-Caucasian: *c̣ʷa	rel:etymological_origin_of	Ubykh: c̣wa(n)ḳ́ 
Ubykh: c̣wa(n)ḳ́ 	rel:etymology	Proto-West-Caucasian: *c̣ʷa
Proto-West-Caucasian: *c̣ʷǝ	rel:etymological_origin_of	Adyghe: ṣʷǝ
Adyghe: ṣʷǝ	rel:etymology	Proto-West-Caucasian: *c̣ʷǝ
Proto-West-Caucasian: *c̣ʷǝ	rel:etymological_origin_of	Kabardian: f̣ǝ
Kabardian: f̣ǝ	rel:etymology	Proto-West-Caucasian: *c̣ʷǝ
Proto-West-Caucasian: *c̣ʷǝ	rel:etymological_origin_of	Abkhaz: a-č̣̌ǝ́ 
Abkhaz: a-č̣̌ǝ́ 	rel:etymology	Proto-West-Caucasian: *c̣ʷǝ
Proto-West-Caucasian: *c̣ʷǝ	rel:etymological_origin_of	Abaza: č̣ʷǝ 
Abaza: č̣ʷǝ 	rel:etymology	Proto-West-Caucasian: *c̣ʷǝ
Proto-West-Caucasian: *c̣ʷV	rel:etymological_origin_of	Adyghe: ṣʷa-jǝ 
Adyghe: ṣʷa-jǝ 	rel:etymology	Proto-West-Caucasian: *c̣ʷV
Proto-West-Caucasian: *c̣ʷV	rel:etymological_origin_of	Kabardian: f̣e-j 
Kabardian: f̣e-j 	rel:etymology	Proto-West-Caucasian: *c̣ʷV
Proto-West-Caucasian: *c̣ʷV	rel:etymological_origin_of	Ubykh: q̇́ǝ-c̣ʷ- 
Ubykh: q̇́ǝ-c̣ʷ- 	rel:etymology	Proto-West-Caucasian: *c̣ʷV
Proto-West-Caucasian: *c̣ʷV	rel:etymological_origin_of	Abkhaz: a-č̣̌-rá 
Abkhaz: a-č̣̌-rá 	rel:etymology	Proto-West-Caucasian: *c̣ʷV
Proto-West-Caucasian: *c̣ʷV	rel:etymological_origin_of	Abaza: č̣č̣ʷ-ra 
Abaza: č̣č̣ʷ-ra 	rel:etymology	Proto-West-Caucasian: *c̣ʷV
Proto-West-Caucasian: *c̣ʷV	rel:etymological_origin_of	Adyghe: ṣ́ʷa-ʡʷǝ-n 
Adyghe: ṣ́ʷa-ʡʷǝ-n 	rel:etymology	Proto-West-Caucasian: *c̣ʷV
Proto-West-Caucasian: *c̣ʷV	rel:etymological_origin_of	Kabardian: f̣a-ʡʷǝ-n 
Kabardian: f̣a-ʡʷǝ-n 	rel:etymology	Proto-West-Caucasian: *c̣ʷV
Proto-West-Caucasian: *c̣ʷV	rel:etymological_origin_of	Ubykh: ʒʷa-q̇(ǝ́) 
Ubykh: ʒʷa-q̇(ǝ́) 	rel:etymology	Proto-West-Caucasian: *c̣ʷV
Proto-West-Caucasian: *c̣ʷV	rel:etymological_origin_of	Abkhaz: a-č̣̌ǝ́-wa-ra
Abkhaz: a-č̣̌ǝ́-wa-ra	rel:etymology	Proto-West-Caucasian: *c̣ʷV
Proto-West-Caucasian: *c̣ʷV	rel:etymological_origin_of	Abaza: č̣ʷu- / č̣ʷǝwa-ra
Abaza: č̣ʷu- / č̣ʷǝwa-ra	rel:etymology	Proto-West-Caucasian: *c̣ʷV
Proto-West-Caucasian: *c̣ʷV	rel:etymological_origin_of	Ubykh: c̣ʷa-
Ubykh: c̣ʷa-	rel:etymology	Proto-West-Caucasian: *c̣ʷV
Proto-West-Caucasian: [*-c̣ʷV-]	rel:etymological_origin_of	Adyghe: ṣ́ʷǝ-
Adyghe: ṣ́ʷǝ-	rel:etymology	Proto-West-Caucasian: [*-c̣ʷV-]
Proto-West-Caucasian: [*-c̣ʷV-]	rel:etymological_origin_of	Kabardian: f̣a-
Kabardian: f̣a-	rel:etymology	Proto-West-Caucasian: [*-c̣ʷV-]
Proto-West-Caucasian: *ć̣ʷVḳ́V	rel:etymological_origin_of	Adyghe: ṣāč̣́a 
Adyghe: ṣāč̣́a 	rel:etymology	Proto-West-Caucasian: *ć̣ʷVḳ́V
Proto-West-Caucasian: *ć̣ʷVḳ́V	rel:etymological_origin_of	Kabardian: ṣāč̣a 
Kabardian: ṣāč̣a 	rel:etymology	Proto-West-Caucasian: *ć̣ʷVḳ́V
Proto-West-Caucasian: *ć̣ʷVḳ́V	rel:etymological_origin_of	Ubykh: ć̣ǝḳ́ 
Ubykh: ć̣ǝḳ́ 	rel:etymology	Proto-West-Caucasian: *ć̣ʷVḳ́V
Proto-West-Caucasian: *č̣́ač̣́a	rel:etymological_origin_of	Abkhaz: a-č̣́áč̣́a
Abkhaz: a-č̣́áč̣́a	rel:etymology	Proto-West-Caucasian: *č̣́ač̣́a
Proto-West-Caucasian: *č̣́ač̣́a	rel:etymological_origin_of	Abaza: č̣́ač̣́a
Abaza: č̣́ač̣́a	rel:etymology	Proto-West-Caucasian: *č̣́ač̣́a
Proto-West-Caucasian: *č̣́ač̣́a	rel:etymological_origin_of	Adyghe: źaźǝj
Adyghe: źaźǝj	rel:etymology	Proto-West-Caucasian: *č̣́ač̣́a
Proto-West-Caucasian: *č̣́ač̣́a	rel:etymological_origin_of	Kabardian: źaźaj
Kabardian: źaźaj	rel:etymology	Proto-West-Caucasian: *č̣́ač̣́a
Proto-West-Caucasian: *č̣́ač̣́a	rel:etymological_origin_of	Ubykh: č̣́ā́č̣́a
Ubykh: č̣́ā́č̣́a	rel:etymology	Proto-West-Caucasian: *č̣́ač̣́a
Proto-West-Caucasian: *č̣́ǝ-	rel:etymological_origin_of	Adyghe: pǝč̣́ǝ-/pǝč̣́ǝč̣́ǝ
Adyghe: pǝč̣́ǝ-/pǝč̣́ǝč̣́ǝ	rel:etymology	Proto-West-Caucasian: *č̣́ǝ-
Proto-West-Caucasian: *č̣́ǝ-	rel:etymological_origin_of	Kabardian: pǝ-ṣ́ǝč̣́ǝ-
Kabardian: pǝ-ṣ́ǝč̣́ǝ-	rel:etymology	Proto-West-Caucasian: *č̣́ǝ-
Proto-West-Caucasian: *č̣́ǝ-	rel:etymological_origin_of	Ubykh: č̣́a-ča-
Ubykh: č̣́a-ča-	rel:etymology	Proto-West-Caucasian: *č̣́ǝ-
Proto-West-Caucasian: *č̣́ǝḳʷǝ	rel:etymological_origin_of	Abkhaz: á-č̣́ḳʷǝn 
Abkhaz: á-č̣́ḳʷǝn 	rel:etymology	Proto-West-Caucasian: *č̣́ǝḳʷǝ
Proto-West-Caucasian: *č̣́ǝḳʷǝ	rel:etymological_origin_of	Abaza: č̣́ḳwǝn 
Abaza: č̣́ḳwǝn 	rel:etymology	Proto-West-Caucasian: *č̣́ǝḳʷǝ
Proto-West-Caucasian: *č̣Vq̇ʷǝ	rel:etymological_origin_of	Abaza: ħajwan-q̇ʷǝc̣
Abaza: ħajwan-q̇ʷǝc̣	rel:etymology	Proto-West-Caucasian: *č̣Vq̇ʷǝ
Proto-West-Caucasian: *č̣Vq̇ʷǝ	rel:etymological_origin_of	Ubykh: c̣aq̇ʷ
Ubykh: c̣aq̇ʷ	rel:etymology	Proto-West-Caucasian: *č̣Vq̇ʷǝ
Proto-West-Caucasian: *č̣VšʷV	rel:etymological_origin_of	Abkhaz: á-ž̌c̣ǝ-s
Abkhaz: á-ž̌c̣ǝ-s	rel:etymology	Proto-West-Caucasian: *č̣VšʷV
Proto-West-Caucasian: *č̣VšʷV	rel:etymological_origin_of	Abaza: žʷc̣ǝ
Abaza: žʷc̣ǝ	rel:etymology	Proto-West-Caucasian: *č̣VšʷV
Proto-West-Caucasian: *č̣VšʷV	rel:etymological_origin_of	Adyghe: ṗc̣āšχʷ
Adyghe: ṗc̣āšχʷ	rel:etymology	Proto-West-Caucasian: *č̣VšʷV
Proto-West-Caucasian: *č̣VšʷV	rel:etymological_origin_of	Kabardian: ṗc̣āšχʷa
Kabardian: ṗc̣āšχʷa	rel:etymology	Proto-West-Caucasian: *č̣VšʷV
Proto-West-Caucasian: *č̣VšʷV	rel:etymological_origin_of	Ubykh: c̣ǝ́šχa
Ubykh: c̣ǝ́šχa	rel:etymology	Proto-West-Caucasian: *č̣VšʷV
Proto-West-Caucasian: *č̣ʷa	rel:etymological_origin_of	Abkhaz: a-č̣á 
Abkhaz: a-č̣á 	rel:etymology	Proto-West-Caucasian: *č̣ʷa
Proto-West-Caucasian: *č̣ʷa	rel:etymological_origin_of	Abaza: č̣a 
Abaza: č̣a 	rel:etymology	Proto-West-Caucasian: *č̣ʷa
Proto-West-Caucasian: *č̣ʷa	rel:etymological_origin_of	Adyghe: č̣́a 
Adyghe: č̣́a 	rel:etymology	Proto-West-Caucasian: *č̣ʷa
Proto-West-Caucasian: *č̣ʷa	rel:etymological_origin_of	Kabardian: ṣ́a 
Kabardian: ṣ́a 	rel:etymology	Proto-West-Caucasian: *č̣ʷa
Proto-West-Caucasian: *č̣ʷa	rel:etymological_origin_of	Ubykh: č̣a 
Ubykh: č̣a 	rel:etymology	Proto-West-Caucasian: *č̣ʷa
Proto-West-Caucasian: *č̣́ʷa	rel:etymological_origin_of	Abkhaz: a-č̣ǝ́
Abkhaz: a-č̣ǝ́	rel:etymology	Proto-West-Caucasian: *č̣́ʷa
Proto-West-Caucasian: *č̣́ʷa	rel:etymological_origin_of	Abaza: č̣a
Abaza: č̣a	rel:etymology	Proto-West-Caucasian: *č̣́ʷa
Proto-West-Caucasian: *č̣́ʷa	rel:etymological_origin_of	Adyghe: ža
Adyghe: ža	rel:etymology	Proto-West-Caucasian: *č̣́ʷa
Proto-West-Caucasian: *č̣́ʷa	rel:etymological_origin_of	Kabardian: źa
Kabardian: źa	rel:etymology	Proto-West-Caucasian: *č̣́ʷa
Proto-West-Caucasian: *č̣́ʷa	rel:etymological_origin_of	Ubykh: č̣́a
Ubykh: č̣́a	rel:etymology	Proto-West-Caucasian: *č̣́ʷa
Proto-West-Caucasian: *č̣́ʷǝ	rel:etymological_origin_of	Adyghe: čǝʡa
Adyghe: čǝʡa	rel:etymology	Proto-West-Caucasian: *č̣́ʷǝ
Proto-West-Caucasian: *č̣́ʷǝ	rel:etymological_origin_of	Kabardian: ṣ́ǝʡa
Kabardian: ṣ́ǝʡa	rel:etymology	Proto-West-Caucasian: *č̣́ʷǝ
Proto-West-Caucasian: *č̣́ʷǝ	rel:etymological_origin_of	Ubykh: č́ǝ
Ubykh: č́ǝ	rel:etymology	Proto-West-Caucasian: *č̣́ʷǝ
Proto-West-Caucasian: [*d-]	rel:etymological_origin_of	Abkhaz: d(ǝ)-
Abkhaz: d(ǝ)-	rel:etymology	Proto-West-Caucasian: [*d-]
Proto-West-Caucasian: [*d-]	rel:etymological_origin_of	Abaza: d(ǝ)-
Abaza: d(ǝ)-	rel:etymology	Proto-West-Caucasian: [*d-]
Proto-West-Caucasian: *dA	rel:etymological_origin_of	Abkhaz: a-dú 
Abkhaz: a-dú 	rel:etymology	Proto-West-Caucasian: *dA
Proto-West-Caucasian: *dA	rel:etymological_origin_of	Abaza: du 
Abaza: du 	rel:etymology	Proto-West-Caucasian: *dA
Proto-West-Caucasian: *dA	rel:etymological_origin_of	Adyghe: dad 
Adyghe: dad 	rel:etymology	Proto-West-Caucasian: *dA
Proto-West-Caucasian: *dA	rel:etymological_origin_of	Kabardian: dǝda 
Kabardian: dǝda 	rel:etymology	Proto-West-Caucasian: *dA
Proto-West-Caucasian: *dA	rel:etymological_origin_of	Ubykh: ja-dá 
Ubykh: ja-dá 	rel:etymology	Proto-West-Caucasian: *dA
Proto-West-Caucasian: *da	rel:etymological_origin_of	Abkhaz: -da
Abkhaz: -da	rel:etymology	Proto-West-Caucasian: *da
Proto-West-Caucasian: *da	rel:etymological_origin_of	Abaza: -da
Abaza: -da	rel:etymology	Proto-West-Caucasian: *da
Proto-West-Caucasian: *da	rel:etymological_origin_of	Adyghe: -da
Adyghe: -da	rel:etymology	Proto-West-Caucasian: *da
Proto-West-Caucasian: *da	rel:etymological_origin_of	Kabardian: -da
Kabardian: -da	rel:etymology	Proto-West-Caucasian: *da
Proto-West-Caucasian: *da	rel:etymological_origin_of	Ubykh: (aj)-da
Ubykh: (aj)-da	rel:etymology	Proto-West-Caucasian: *da
Proto-West-Caucasian: *da-	rel:etymological_origin_of	Abkhaz: a-ḳǝ́l-da-ra 
Abkhaz: a-ḳǝ́l-da-ra 	rel:etymology	Proto-West-Caucasian: *da-
Proto-West-Caucasian: *da-	rel:etymological_origin_of	Abaza: ḳǝl-da-ra 
Abaza: ḳǝl-da-ra 	rel:etymology	Proto-West-Caucasian: *da-
Proto-West-Caucasian: *da-	rel:etymological_origin_of	Adyghe: xa-da-n 
Adyghe: xa-da-n 	rel:etymology	Proto-West-Caucasian: *da-
Proto-West-Caucasian: *da-	rel:etymological_origin_of	Kabardian: xa-da-n 
Kabardian: xa-da-n 	rel:etymology	Proto-West-Caucasian: *da-
Proto-West-Caucasian: *-da	rel:etymological_origin_of	Abkhaz: -da
Abkhaz: -da	rel:etymology	Proto-West-Caucasian: *-da
Proto-West-Caucasian: *-da	rel:etymological_origin_of	Abaza: -da
Abaza: -da	rel:etymology	Proto-West-Caucasian: *-da
Proto-West-Caucasian: *-da	rel:etymological_origin_of	Adyghe: -da
Adyghe: -da	rel:etymology	Proto-West-Caucasian: *-da
Proto-West-Caucasian: *-da	rel:etymological_origin_of	Kabardian: -da
Kabardian: -da	rel:etymology	Proto-West-Caucasian: *-da
Proto-West-Caucasian: *-da-	rel:etymological_origin_of	Abkhaz: -nda 
Abkhaz: -nda 	rel:etymology	Proto-West-Caucasian: *-da-
Proto-West-Caucasian: *-da-	rel:etymological_origin_of	Abaza: -nda 
Abaza: -nda 	rel:etymology	Proto-West-Caucasian: *-da-
Proto-West-Caucasian: *-da-	rel:etymological_origin_of	Ubykh: -da 
Ubykh: -da 	rel:etymology	Proto-West-Caucasian: *-da-
Proto-West-Caucasian: [*da-]	rel:etymological_origin_of	Adyghe: da-
Adyghe: da-	rel:etymology	Proto-West-Caucasian: [*da-]
Proto-West-Caucasian: [*da-]	rel:etymological_origin_of	Ubykh: dɣa-
Ubykh: dɣa-	rel:etymology	Proto-West-Caucasian: [*da-]
Proto-West-Caucasian: [*-da-š́ǝ]	rel:etymological_origin_of	Ubykh: -daš́
Ubykh: -daš́	rel:etymology	Proto-West-Caucasian: [*-da-š́ǝ]
Proto-West-Caucasian: [*-dǝ-q́:Ia]	rel:etymological_origin_of	Abkhaz: -da
Abkhaz: -da	rel:etymology	Proto-West-Caucasian: [*-dǝ-q́:Ia]
Proto-West-Caucasian: [*-dǝ-q́:Ia]	rel:etymological_origin_of	Abaza: -da / -dʡa
Abaza: -da / -dʡa	rel:etymology	Proto-West-Caucasian: [*-dǝ-q́:Ia]
Proto-West-Caucasian: *dǝrǝ-	rel:etymological_origin_of	Abkhaz: a-dǝ́r-ra
Abkhaz: a-dǝ́r-ra	rel:etymology	Proto-West-Caucasian: *dǝrǝ-
Proto-West-Caucasian: *dǝrǝ-	rel:etymological_origin_of	Abaza: dǝr-ra
Abaza: dǝr-ra	rel:etymology	Proto-West-Caucasian: *dǝrǝ-
Proto-West-Caucasian: *dǝwa	rel:etymological_origin_of	Adyghe: dǝwa
Adyghe: dǝwa	rel:etymology	Proto-West-Caucasian: *dǝwa
Proto-West-Caucasian: *dǝwa	rel:etymological_origin_of	Kabardian: psǝ-dǝwa
Kabardian: psǝ-dǝwa	rel:etymology	Proto-West-Caucasian: *dǝwa
Proto-West-Caucasian: *dǝwa	rel:etymological_origin_of	Ubykh: dǝwá
Ubykh: dǝwá	rel:etymology	Proto-West-Caucasian: *dǝwa
Proto-West-Caucasian: *dV	rel:etymological_origin_of	Abaza: qʷa-di 
Abaza: qʷa-di 	rel:etymology	Proto-West-Caucasian: *dV
Proto-West-Caucasian: *dV	rel:etymological_origin_of	Adyghe: dǝ-jǝ-n 
Adyghe: dǝ-jǝ-n 	rel:etymology	Proto-West-Caucasian: *dV
Proto-West-Caucasian: *dV	rel:etymological_origin_of	Kabardian: di-ji-n 
Kabardian: di-ji-n 	rel:etymology	Proto-West-Caucasian: *dV
Proto-West-Caucasian: *dV	rel:etymological_origin_of	Ubykh: dǝ-wá- 
Ubykh: dǝ-wá- 	rel:etymology	Proto-West-Caucasian: *dV
Proto-West-Caucasian: *dʷǝ	rel:etymological_origin_of	Abkhaz: a-dʷǝ́
Abkhaz: a-dʷǝ́	rel:etymology	Proto-West-Caucasian: *dʷǝ
Proto-West-Caucasian: *dʷǝ	rel:etymological_origin_of	Ubykh: dʷǝ
Ubykh: dʷǝ	rel:etymology	Proto-West-Caucasian: *dʷǝ
Proto-West-Caucasian: *fa-	rel:etymological_origin_of	Adyghe: fa-
Adyghe: fa-	rel:etymology	Proto-West-Caucasian: *fa-
Proto-West-Caucasian: *fa-	rel:etymological_origin_of	Kabardian: xʷa-
Kabardian: xʷa-	rel:etymology	Proto-West-Caucasian: *fa-
Proto-West-Caucasian: *fa-	rel:etymological_origin_of	Ubykh: -fa
Ubykh: -fa	rel:etymology	Proto-West-Caucasian: *fa-
Proto-West-Caucasian: *fV	rel:etymological_origin_of	Abkhaz: á-fa-ra
Abkhaz: á-fa-ra	rel:etymology	Proto-West-Caucasian: *fV
Proto-West-Caucasian: *fV	rel:etymological_origin_of	Abaza: fa-ra
Abaza: fa-ra	rel:etymology	Proto-West-Caucasian: *fV
Proto-West-Caucasian: *fV	rel:etymological_origin_of	Adyghe: šxǝ-n
Adyghe: šxǝ-n	rel:etymology	Proto-West-Caucasian: *fV
Proto-West-Caucasian: *fV	rel:etymological_origin_of	Kabardian: šxǝ-n
Kabardian: šxǝ-n	rel:etymology	Proto-West-Caucasian: *fV
Proto-West-Caucasian: *fV	rel:etymological_origin_of	Ubykh: fǝ-
Ubykh: fǝ-	rel:etymology	Proto-West-Caucasian: *fV
Proto-West-Caucasian: *ga	rel:etymological_origin_of	Abkhaz: a-ga-rá 
Abkhaz: a-ga-rá 	rel:etymology	Proto-West-Caucasian: *ga
Proto-West-Caucasian: *ga	rel:etymological_origin_of	Abaza: ga-ra 
Abaza: ga-ra 	rel:etymology	Proto-West-Caucasian: *ga
Proto-West-Caucasian: *ga	rel:etymological_origin_of	Adyghe: ǯ́a-n 
Adyghe: ǯ́a-n 	rel:etymology	Proto-West-Caucasian: *ga
Proto-West-Caucasian: *ga	rel:etymological_origin_of	Kabardian: ǯa-n 
Kabardian: ǯa-n 	rel:etymology	Proto-West-Caucasian: *ga
Proto-West-Caucasian: *ǵaǵa/*ǵʷaǵwa	rel:etymological_origin_of	Abkhaz: a-gʷargʷaléj 
Abkhaz: a-gʷargʷaléj 	rel:etymology	Proto-West-Caucasian: *ǵaǵa/*ǵʷaǵwa
Proto-West-Caucasian: *ǵaǵa/*ǵʷaǵwa	rel:etymological_origin_of	Abaza: ǵaǵa 
Abaza: ǵaǵa 	rel:etymology	Proto-West-Caucasian: *ǵaǵa/*ǵʷaǵwa
Proto-West-Caucasian: *ǵaLǝ	rel:etymological_origin_of	Abkhaz: á-ǵaž́
Abkhaz: á-ǵaž́	rel:etymology	Proto-West-Caucasian: *ǵaLǝ
Proto-West-Caucasian: *ǵaLǝ	rel:etymological_origin_of	Abaza: ǵaž́ǝ
Abaza: ǵaž́ǝ	rel:etymology	Proto-West-Caucasian: *ǵaLǝ
Proto-West-Caucasian: *gǝ	rel:etymological_origin_of	Abkhaz: a-gǝ́-la-ra 
Abkhaz: a-gǝ́-la-ra 	rel:etymology	Proto-West-Caucasian: *gǝ
Proto-West-Caucasian: *gǝ	rel:etymological_origin_of	Abaza: gǝ-la-za-ra 
Abaza: gǝ-la-za-ra 	rel:etymology	Proto-West-Caucasian: *gǝ
Proto-West-Caucasian: *gǝ	rel:etymological_origin_of	Adyghe: ta-ǯ́ǝ-n 
Adyghe: ta-ǯ́ǝ-n 	rel:etymology	Proto-West-Caucasian: *gǝ
Proto-West-Caucasian: *gǝ	rel:etymological_origin_of	Kabardian: ta-ǯǝ-n 
Kabardian: ta-ǯǝ-n 	rel:etymology	Proto-West-Caucasian: *gǝ
Proto-West-Caucasian: *gǝ	rel:etymological_origin_of	Ubykh: ǵǝ-
Ubykh: ǵǝ-	rel:etymology	Proto-West-Caucasian: *gǝ
Proto-West-Caucasian: *Gǝba	rel:etymological_origin_of	Abkhaz: á-ʁba
Abkhaz: á-ʁba	rel:etymology	Proto-West-Caucasian: *Gǝba
Proto-West-Caucasian: *Gǝba	rel:etymological_origin_of	Abaza: ʁba
Abaza: ʁba	rel:etymology	Proto-West-Caucasian: *Gǝba
Proto-West-Caucasian: *Gǝba	rel:etymological_origin_of	Ubykh: ʁǝbá
Ubykh: ʁǝbá	rel:etymology	Proto-West-Caucasian: *Gǝba
Proto-West-Caucasian: *ǵǝĺǝ	rel:etymological_origin_of	Adyghe: Lǝǯ́ǝ-n
Adyghe: Lǝǯ́ǝ-n	rel:etymology	Proto-West-Caucasian: *ǵǝĺǝ
Proto-West-Caucasian: *ǵǝĺǝ	rel:etymological_origin_of	Kabardian: ǯǝLǝ-n/č̣ǝLǝ-n
Kabardian: ǯǝLǝ-n/č̣ǝLǝ-n	rel:etymology	Proto-West-Caucasian: *ǵǝĺǝ
Proto-West-Caucasian: *ǵǝĺǝ	rel:etymological_origin_of	Ubykh: ḳ́ǝ́L-
Ubykh: ḳ́ǝ́L-	rel:etymology	Proto-West-Caucasian: *ǵǝĺǝ
Proto-West-Caucasian: *gǝʒa	rel:etymological_origin_of	Ubykh: ǵǝʒa
Ubykh: ǵǝʒa	rel:etymology	Proto-West-Caucasian: *gǝʒa
Proto-West-Caucasian: *-gV-	rel:etymological_origin_of	Abkhaz: ága 
Abkhaz: ága 	rel:etymology	Proto-West-Caucasian: *-gV-
Proto-West-Caucasian: *-gV-	rel:etymological_origin_of	Abaza: laga 
Abaza: laga 	rel:etymology	Proto-West-Caucasian: *-gV-
Proto-West-Caucasian: *-gV-	rel:etymological_origin_of	Adyghe: wǝǯ́ǝ-n 
Adyghe: wǝǯ́ǝ-n 	rel:etymology	Proto-West-Caucasian: *-gV-
Proto-West-Caucasian: *-gV-	rel:etymological_origin_of	Kabardian: wǝǯǝ-n 
Kabardian: wǝǯǝ-n 	rel:etymology	Proto-West-Caucasian: *-gV-
Proto-West-Caucasian: *-gV-	rel:etymological_origin_of	Ubykh: wǝǵ- 
Ubykh: wǝǵ- 	rel:etymology	Proto-West-Caucasian: *-gV-
Proto-West-Caucasian: *-ǵV	rel:etymological_origin_of	Abkhaz: -ǵǝ 
Abkhaz: -ǵǝ 	rel:etymology	Proto-West-Caucasian: *-ǵV
Proto-West-Caucasian: *-ǵV	rel:etymological_origin_of	Abaza: -ǵǝ
Abaza: -ǵǝ	rel:etymology	Proto-West-Caucasian: *-ǵV
Proto-West-Caucasian: *-ǵV	rel:etymological_origin_of	Adyghe: 
Adyghe: 	rel:etymology	Proto-West-Caucasian: *-ǵV
Proto-West-Caucasian: *-ǵV	rel:etymological_origin_of	Ubykh: -ǵǝ 
Ubykh: -ǵǝ 	rel:etymology	Proto-West-Caucasian: *-ǵV
Proto-West-Caucasian: *gV	rel:etymological_origin_of	Adyghe: ǯ́ǝ-n
Adyghe: ǯ́ǝ-n	rel:etymology	Proto-West-Caucasian: *gV
Proto-West-Caucasian: *gV	rel:etymological_origin_of	Kabardian: ǯǝ-n
Kabardian: ǯǝ-n	rel:etymology	Proto-West-Caucasian: *gV
Proto-West-Caucasian: *gʷa	rel:etymological_origin_of	Abkhaz: ā́jgʷa
Abkhaz: ā́jgʷa	rel:etymology	Proto-West-Caucasian: *gʷa
Proto-West-Caucasian: *gʷa	rel:etymological_origin_of	Abaza: argʷa-nǝ
Abaza: argʷa-nǝ	rel:etymology	Proto-West-Caucasian: *gʷa
Proto-West-Caucasian: *gʷan(ǝ)ž́a	rel:etymological_origin_of	Adyghe: ʎa-gwānǯa
Adyghe: ʎa-gwānǯa	rel:etymology	Proto-West-Caucasian: *gʷan(ǝ)ž́a
Proto-West-Caucasian: *gʷan(ǝ)ž́a	rel:etymological_origin_of	Kabardian: ʎa-gwāźa
Kabardian: ʎa-gwāźa	rel:etymology	Proto-West-Caucasian: *gʷan(ǝ)ž́a
